InvoiceKey,InvoiceAltKey,InvoiceId,TrackKey,CustomerKey,DateKey,GeographyKey,UnitPrice,Quantity
1,1,1,2,2,20210101,65,0.99,1
2,2,1,4,2,20210101,65,0.99,1
3,3,2,6,4,20210102,66,0.99,1
4,4,2,8,4,20210102,66,0.99,1
5,5,2,10,4,20210102,66,0.99,1
6,6,2,12,4,20210102,66,0.99,1
7,7,3,16,8,20210103,51,0.99,1
8,8,3,20,8,20210103,51,0.99,1
9,9,3,24,8,20210103,51,0.99,1
10,10,3,28,8,20210103,51,0.99,1
11,11,3,32,8,20210103,51,0.99,1
12,12,3,36,8,20210103,51,0.99,1
13,13,4,42,14,20210106,39,0.99,1
14,14,4,48,14,20210106,39,0.99,1
15,15,4,54,14,20210106,39,0.99,1
16,16,4,60,14,20210106,39,0.99,1
17,17,4,66,14,20210106,39,0.99,1
18,18,4,72,14,20210106,39,0.99,1
19,19,4,78,14,20210106,39,0.99,1
20,20,4,84,14,20210106,39,0.99,1
21,21,4,90,14,20210106,39,0.99,1
22,22,5,99,23,20210111,32,0.99,1
23,23,5,108,23,20210111,32,0.99,1
24,24,5,117,23,20210111,32,0.99,1
25,25,5,126,23,20210111,32,0.99,1
26,26,5,135,23,20210111,32,0.99,1
27,27,5,144,23,20210111,32,0.99,1
28,28,5,153,23,20210111,32,0.99,1
29,29,5,162,23,20210111,32,0.99,1
30,30,5,171,23,20210111,32,0.99,1
31,31,5,180,23,20210111,32,0.99,1
32,32,5,189,23,20210111,32,0.99,1
33,33,5,198,23,20210111,32,0.99,1
34,34,5,207,23,20210111,32,0.99,1
35,35,5,216,23,20210111,32,0.99,1
36,36,6,230,37,20210119,46,0.99,1
37,37,7,231,38,20210201,45,0.99,1
38,38,7,232,38,20210201,45,0.99,1
39,39,8,234,40,20210201,37,0.99,1
40,40,8,236,40,20210201,37,0.99,1
41,41,9,238,42,20210202,41,0.99,1
42,42,9,240,42,20210202,41,0.99,1
43,43,9,242,42,20210202,41,0.99,1
44,44,9,244,42,20210202,41,0.99,1
45,45,10,248,46,20210203,18,0.99,1
46,46,10,252,46,20210203,18,0.99,1
47,47,10,256,46,20210203,18,0.99,1
48,48,10,260,46,20210203,18,0.99,1
49,49,10,264,46,20210203,18,0.99,1
50,50,10,268,46,20210203,18,0.99,1
51,51,11,274,52,20210206,15,0.99,1
52,52,11,280,52,20210206,15,0.99,1
53,53,11,286,52,20210206,15,0.99,1
54,54,11,292,52,20210206,15,0.99,1
55,55,11,298,52,20210206,15,0.99,1
56,56,11,304,52,20210206,15,0.99,1
57,57,11,310,52,20210206,15,0.99,1
58,58,11,316,52,20210206,15,0.99,1
59,59,11,322,52,20210206,15,0.99,1
60,60,12,331,2,20210211,65,0.99,1
61,61,12,340,2,20210211,65,0.99,1
62,62,12,349,2,20210211,65,0.99,1
63,63,12,358,2,20210211,65,0.99,1
64,64,12,367,2,20210211,65,0.99,1
65,65,12,376,2,20210211,65,0.99,1
66,66,12,385,2,20210211,65,0.99,1
67,67,12,394,2,20210211,65,0.99,1
68,68,12,403,2,20210211,65,0.99,1
69,69,12,412,2,20210211,65,0.99,1
70,70,12,421,2,20210211,65,0.99,1
71,71,12,430,2,20210211,65,0.99,1
72,72,12,439,2,20210211,65,0.99,1
73,73,12,448,2,20210211,65,0.99,1
74,74,13,462,16,20210219,12,0.99,1
75,75,14,463,17,20210304,2,0.99,1
76,76,14,464,17,20210304,2,0.99,1
77,77,15,466,19,20210304,1,0.99,1
78,78,15,468,19,20210304,1,0.99,1
79,79,16,470,21,20210305,38,0.99,1
80,80,16,472,21,20210305,38,0.99,1
81,81,16,474,21,20210305,38,0.99,1
82,82,16,476,21,20210305,38,0.99,1
83,83,17,480,25,20210306,22,0.99,1
84,84,17,484,25,20210306,22,0.99,1
85,85,17,488,25,20210306,22,0.99,1
86,86,17,492,25,20210306,22,0.99,1
87,87,17,496,25,20210306,22,0.99,1
88,88,17,500,25,20210306,22,0.99,1
89,89,18,506,31,20210309,14,0.99,1
90,90,18,512,31,20210309,14,0.99,1
91,91,18,518,31,20210309,14,0.99,1
92,92,18,524,31,20210309,14,0.99,1
93,93,18,530,31,20210309,14,0.99,1
94,94,18,536,31,20210309,14,0.99,1
95,95,18,542,31,20210309,14,0.99,1
96,96,18,548,31,20210309,14,0.99,1
97,97,18,554,31,20210309,14,0.99,1
98,98,19,563,40,20210314,37,0.99,1
99,99,19,572,40,20210314,37,0.99,1
100,100,19,581,40,20210314,37,0.99,1
101,101,19,590,40,20210314,37,0.99,1
102,102,19,599,40,20210314,37,0.99,1
103,103,19,608,40,20210314,37,0.99,1
104,104,19,617,40,20210314,37,0.99,1
105,105,19,626,40,20210314,37,0.99,1
106,106,19,635,40,20210314,37,0.99,1
107,107,19,644,40,20210314,37,0.99,1
108,108,19,653,40,20210314,37,0.99,1
109,109,19,662,40,20210314,37,0.99,1
110,110,19,671,40,20210314,37,0.99,1
111,111,19,680,40,20210314,37,0.99,1
112,112,20,694,54,20210322,5,0.99,1
113,113,21,695,55,20210404,24,0.99,1
114,114,21,696,55,20210404,24,0.99,1
115,115,22,698,57,20210404,48,0.99,1
116,116,22,700,57,20210404,48,0.99,1
117,117,23,702,59,20210405,19,0.99,1
118,118,23,704,59,20210405,19,0.99,1
119,119,23,706,59,20210405,19,0.99,1
120,120,23,708,59,20210405,19,0.99,1
121,121,24,712,4,20210406,66,0.99,1
122,122,24,716,4,20210406,66,0.99,1
123,123,24,720,4,20210406,66,0.99,1
124,124,24,724,4,20210406,66,0.99,1
125,125,24,728,4,20210406,66,0.99,1
126,126,24,732,4,20210406,66,0.99,1
127,127,25,738,10,20210409,62,0.99,1
128,128,25,744,10,20210409,62,0.99,1
129,129,25,750,10,20210409,62,0.99,1
130,130,25,756,10,20210409,62,0.99,1
131,131,25,762,10,20210409,62,0.99,1
132,132,25,768,10,20210409,62,0.99,1
133,133,25,774,10,20210409,62,0.99,1
134,134,25,780,10,20210409,62,0.99,1
135,135,25,786,10,20210409,62,0.99,1
136,136,26,795,19,20210414,1,0.99,1
137,137,26,804,19,20210414,1,0.99,1
138,138,26,813,19,20210414,1,0.99,1
139,139,26,822,19,20210414,1,0.99,1
140,140,26,831,19,20210414,1,0.99,1
141,141,26,840,19,20210414,1,0.99,1
142,142,26,849,19,20210414,1,0.99,1
143,143,26,858,19,20210414,1,0.99,1
144,144,26,867,19,20210414,1,0.99,1
145,145,26,876,19,20210414,1,0.99,1
146,146,26,885,19,20210414,1,0.99,1
147,147,26,894,19,20210414,1,0.99,1
148,148,26,903,19,20210414,1,0.99,1
149,149,26,912,19,20210414,1,0.99,1
150,150,27,926,33,20210422,25,0.99,1
151,151,28,927,34,20210505,60,0.99,1
152,152,28,928,34,20210505,60,0.99,1
153,153,29,930,36,20210505,64,0.99,1
154,154,29,932,36,20210505,64,0.99,1
155,155,30,934,38,20210506,45,0.99,1
156,156,30,936,38,20210506,45,0.99,1
157,157,30,938,38,20210506,45,0.99,1
158,158,30,940,38,20210506,45,0.99,1
159,159,31,944,42,20210507,41,0.99,1
160,160,31,948,42,20210507,41,0.99,1
161,161,31,952,42,20210507,41,0.99,1
162,162,31,956,42,20210507,41,0.99,1
163,163,31,960,42,20210507,41,0.99,1
164,164,31,964,42,20210507,41,0.99,1
165,165,32,970,48,20210510,53,0.99,1
166,166,32,976,48,20210510,53,0.99,1
167,167,32,982,48,20210510,53,0.99,1
168,168,32,988,48,20210510,53,0.99,1
169,169,32,994,48,20210510,53,0.99,1
170,170,32,1000,48,20210510,53,0.99,1
171,171,32,1006,48,20210510,53,0.99,1
172,172,32,1012,48,20210510,53,0.99,1
173,173,32,1018,48,20210510,53,0.99,1
174,174,33,1027,57,20210515,48,0.99,1
175,175,33,1036,57,20210515,48,0.99,1
176,176,33,1045,57,20210515,48,0.99,1
177,177,33,1054,57,20210515,48,0.99,1
178,178,33,1063,57,20210515,48,0.99,1
179,179,33,1072,57,20210515,48,0.99,1
180,180,33,1081,57,20210515,48,0.99,1
181,181,33,1090,57,20210515,48,0.99,1
182,182,33,1099,57,20210515,48,0.99,1
183,183,33,1108,57,20210515,48,0.99,1
184,184,33,1117,57,20210515,48,0.99,1
185,185,33,1126,57,20210515,48,0.99,1
186,186,33,1135,57,20210515,48,0.99,1
187,187,33,1144,57,20210515,48,0.99,1
188,188,34,1158,12,20210523,56,0.99,1
189,189,35,1159,13,20210605,57,0.99,1
190,190,35,1160,13,20210605,57,0.99,1
191,191,36,1162,15,20210605,34,0.99,1
192,192,36,1164,15,20210605,34,0.99,1
193,193,37,1166,17,20210606,2,0.99,1
194,194,37,1168,17,20210606,2,0.99,1
195,195,37,1170,17,20210606,2,0.99,1
196,196,37,1172,17,20210606,2,0.99,1
197,197,38,1176,21,20210607,38,0.99,1
198,198,38,1180,21,20210607,38,0.99,1
199,199,38,1184,21,20210607,38,0.99,1
200,200,38,1188,21,20210607,38,0.99,1
201,201,38,1192,21,20210607,38,0.99,1
202,202,38,1196,21,20210607,38,0.99,1
203,203,39,1202,27,20210610,3,0.99,1
204,204,39,1208,27,20210610,3,0.99,1
205,205,39,1214,27,20210610,3,0.99,1
206,206,39,1220,27,20210610,3,0.99,1
207,207,39,1226,27,20210610,3,0.99,1
208,208,39,1232,27,20210610,3,0.99,1
209,209,39,1238,27,20210610,3,0.99,1
210,210,39,1244,27,20210610,3,0.99,1
211,211,39,1250,27,20210610,3,0.99,1
212,212,40,1259,36,20210615,64,0.99,1
213,213,40,1268,36,20210615,64,0.99,1
214,214,40,1277,36,20210615,64,0.99,1
215,215,40,1286,36,20210615,64,0.99,1
216,216,40,1295,36,20210615,64,0.99,1
217,217,40,1304,36,20210615,64,0.99,1
218,218,40,1313,36,20210615,64,0.99,1
219,219,40,1322,36,20210615,64,0.99,1
220,220,40,1331,36,20210615,64,0.99,1
221,221,40,1340,36,20210615,64,0.99,1
222,222,40,1349,36,20210615,64,0.99,1
223,223,40,1358,36,20210615,64,0.99,1
224,224,40,1367,36,20210615,64,0.99,1
225,225,40,1376,36,20210615,64,0.99,1
226,226,41,1390,50,20210623,47,0.99,1
227,227,42,1391,51,20210706,49,0.99,1
228,228,42,1392,51,20210706,49,0.99,1
229,229,43,1394,53,20210706,8,0.99,1
230,230,43,1396,53,20210706,8,0.99,1
231,231,44,1398,55,20210707,24,0.99,1
232,232,44,1400,55,20210707,24,0.99,1
233,233,44,1402,55,20210707,24,0.99,1
234,234,44,1404,55,20210707,24,0.99,1
235,235,45,1408,59,20210708,19,0.99,1
236,236,45,1412,59,20210708,19,0.99,1
237,237,45,1416,59,20210708,19,0.99,1
238,238,45,1420,59,20210708,19,0.99,1
239,239,45,1424,59,20210708,19,0.99,1
240,240,45,1428,59,20210708,19,0.99,1
241,241,46,1434,6,20210711,58,0.99,1
242,242,46,1440,6,20210711,58,0.99,1
243,243,46,1446,6,20210711,58,0.99,1
244,244,46,1452,6,20210711,58,0.99,1
245,245,46,1458,6,20210711,58,0.99,1
246,246,46,1464,6,20210711,58,0.99,1
247,247,46,1470,6,20210711,58,0.99,1
248,248,46,1476,6,20210711,58,0.99,1
249,249,46,1482,6,20210711,58,0.99,1
250,250,47,1491,15,20210716,34,0.99,1
251,251,47,1500,15,20210716,34,0.99,1
252,252,47,1509,15,20210716,34,0.99,1
253,253,47,1518,15,20210716,34,0.99,1
254,254,47,1527,15,20210716,34,0.99,1
255,255,47,1536,15,20210716,34,0.99,1
256,256,47,1545,15,20210716,34,0.99,1
257,257,47,1554,15,20210716,34,0.99,1
258,258,47,1563,15,20210716,34,0.99,1
259,259,47,1572,15,20210716,34,0.99,1
260,260,47,1581,15,20210716,34,0.99,1
261,261,47,1590,15,20210716,34,0.99,1
262,262,47,1599,15,20210716,34,0.99,1
263,263,47,1608,15,20210716,34,0.99,1
264,264,48,1622,29,20210724,36,0.99,1
265,265,49,1623,30,20210806,17,0.99,1
266,266,49,1624,30,20210806,17,0.99,1
267,267,50,1626,32,20210806,33,0.99,1
268,268,50,1628,32,20210806,33,0.99,1
269,269,51,1630,34,20210807,60,0.99,1
270,270,51,1632,34,20210807,60,0.99,1
271,271,51,1634,34,20210807,60,0.99,1
272,272,51,1636,34,20210807,60,0.99,1
273,273,52,1640,38,20210808,45,0.99,1
274,274,52,1644,38,20210808,45,0.99,1
275,275,52,1648,38,20210808,45,0.99,1
276,276,52,1652,38,20210808,45,0.99,1
277,277,52,1656,38,20210808,45,0.99,1
278,278,52,1660,38,20210808,45,0.99,1
279,279,53,1666,44,20210811,55,0.99,1
280,280,53,1672,44,20210811,55,0.99,1
281,281,53,1678,44,20210811,55,0.99,1
282,282,53,1684,44,20210811,55,0.99,1
283,283,53,1690,44,20210811,55,0.99,1
284,284,53,1696,44,20210811,55,0.99,1
285,285,53,1702,44,20210811,55,0.99,1
286,286,53,1708,44,20210811,55,0.99,1
287,287,53,1714,44,20210811,55,0.99,1
288,288,54,1723,53,20210816,8,0.99,1
289,289,54,1732,53,20210816,8,0.99,1
290,290,54,1741,53,20210816,8,0.99,1
291,291,54,1750,53,20210816,8,0.99,1
292,292,54,1759,53,20210816,8,0.99,1
293,293,54,1768,53,20210816,8,0.99,1
294,294,54,1777,53,20210816,8,0.99,1
295,295,54,1786,53,20210816,8,0.99,1
296,296,54,1795,53,20210816,8,0.99,1
297,297,54,1804,53,20210816,8,0.99,1
298,298,54,1813,53,20210816,8,0.99,1
299,299,54,1822,53,20210816,8,0.99,1
300,300,54,1831,53,20210816,8,0.99,1
301,301,54,1840,53,20210816,8,0.99,1
302,302,55,1854,8,20210824,51,0.99,1
303,303,56,1855,9,20210906,63,0.99,1
304,304,56,1856,9,20210906,63,0.99,1
305,305,57,1858,11,20210906,44,0.99,1
306,306,57,1860,11,20210906,44,0.99,1
307,307,58,1862,13,20210907,57,0.99,1
308,308,58,1864,13,20210907,57,0.99,1
309,309,58,1866,13,20210907,57,0.99,1
310,310,58,1868,13,20210907,57,0.99,1
311,311,59,1872,17,20210908,2,0.99,1
312,312,59,1876,17,20210908,2,0.99,1
313,313,59,1880,17,20210908,2,0.99,1
314,314,59,1884,17,20210908,2,0.99,1
315,315,59,1888,17,20210908,2,0.99,1
316,316,59,1892,17,20210908,2,0.99,1
317,317,60,1898,23,20210911,32,0.99,1
318,318,60,1904,23,20210911,32,0.99,1
319,319,60,1910,23,20210911,32,0.99,1
320,320,60,1916,23,20210911,32,0.99,1
321,321,60,1922,23,20210911,32,0.99,1
322,322,60,1928,23,20210911,32,0.99,1
323,323,60,1934,23,20210911,32,0.99,1
324,324,60,1940,23,20210911,32,0.99,1
325,325,60,1946,23,20210911,32,0.99,1
326,326,61,1955,32,20210916,33,0.99,1
327,327,61,1964,32,20210916,33,0.99,1
328,328,61,1973,32,20210916,33,0.99,1
329,329,61,1982,32,20210916,33,0.99,1
330,330,61,1991,32,20210916,33,0.99,1
331,331,61,2000,32,20210916,33,0.99,1
332,332,61,2009,32,20210916,33,0.99,1
333,333,61,2018,32,20210916,33,0.99,1
334,334,61,2027,32,20210916,33,0.99,1
335,335,61,2036,32,20210916,33,0.99,1
336,336,61,2045,32,20210916,33,0.99,1
337,337,61,2054,32,20210916,33,0.99,1
338,338,61,2063,32,20210916,33,0.99,1
339,339,61,2072,32,20210916,33,0.99,1
340,340,62,2086,46,20210924,18,0.99,1
341,341,63,2087,47,20211007,67,0.99,1
342,342,63,2088,47,20211007,67,0.99,1
343,343,64,2090,49,20211007,54,0.99,1
344,344,64,2092,49,20211007,54,0.99,1
345,345,65,2094,51,20211008,49,0.99,1
346,346,65,2096,51,20211008,49,0.99,1
347,347,65,2098,51,20211008,49,0.99,1
348,348,65,2100,51,20211008,49,0.99,1
349,349,66,2104,55,20211009,24,0.99,1
350,350,66,2108,55,20211009,24,0.99,1
351,351,66,2112,55,20211009,24,0.99,1
352,352,66,2116,55,20211009,24,0.99,1
353,353,66,2120,55,20211009,24,0.99,1
354,354,66,2124,55,20211009,24,0.99,1
355,355,67,2130,2,20211012,65,0.99,1
356,356,67,2136,2,20211012,65,0.99,1
357,357,67,2142,2,20211012,65,0.99,1
358,358,67,2148,2,20211012,65,0.99,1
359,359,67,2154,2,20211012,65,0.99,1
360,360,67,2160,2,20211012,65,0.99,1
361,361,67,2166,2,20211012,65,0.99,1
362,362,67,2172,2,20211012,65,0.99,1
363,363,67,2178,2,20211012,65,0.99,1
364,364,68,2187,11,20211017,44,0.99,1
365,365,68,2196,11,20211017,44,0.99,1
366,366,68,2205,11,20211017,44,0.99,1
367,367,68,2214,11,20211017,44,0.99,1
368,368,68,2223,11,20211017,44,0.99,1
369,369,68,2232,11,20211017,44,0.99,1
370,370,68,2241,11,20211017,44,0.99,1
371,371,68,2250,11,20211017,44,0.99,1
372,372,68,2259,11,20211017,44,0.99,1
373,373,68,2268,11,20211017,44,0.99,1
374,374,68,2277,11,20211017,44,0.99,1
375,375,68,2286,11,20211017,44,0.99,1
376,376,68,2295,11,20211017,44,0.99,1
377,377,68,2304,11,20211017,44,0.99,1
378,378,69,2318,25,20211025,22,0.99,1
379,379,70,2319,26,20211107,16,0.99,1
380,380,70,2320,26,20211107,16,0.99,1
381,381,71,2322,28,20211107,20,0.99,1
382,382,71,2324,28,20211107,20,0.99,1
383,383,72,2326,30,20211108,17,0.99,1
384,384,72,2328,30,20211108,17,0.99,1
385,385,72,2330,30,20211108,17,0.99,1
386,386,72,2332,30,20211108,17,0.99,1
387,387,73,2336,34,20211109,60,0.99,1
388,388,73,2340,34,20211109,60,0.99,1
389,389,73,2344,34,20211109,60,0.99,1
390,390,73,2348,34,20211109,60,0.99,1
391,391,73,2352,34,20211109,60,0.99,1
392,392,73,2356,34,20211109,60,0.99,1
393,393,74,2362,40,20211112,37,0.99,1
394,394,74,2368,40,20211112,37,0.99,1
395,395,74,2374,40,20211112,37,0.99,1
396,396,74,2380,40,20211112,37,0.99,1
397,397,74,2386,40,20211112,37,0.99,1
398,398,74,2392,40,20211112,37,0.99,1
399,399,74,2398,40,20211112,37,0.99,1
400,400,74,2404,40,20211112,37,0.99,1
401,401,74,2410,40,20211112,37,0.99,1
402,402,75,2419,49,20211117,54,0.99,1
403,403,75,2428,49,20211117,54,0.99,1
404,404,75,2437,49,20211117,54,0.99,1
405,405,75,2446,49,20211117,54,0.99,1
406,406,75,2455,49,20211117,54,0.99,1
407,407,75,2464,49,20211117,54,0.99,1
408,408,75,2473,49,20211117,54,0.99,1
409,409,75,2482,49,20211117,54,0.99,1
410,410,75,2491,49,20211117,54,0.99,1
411,411,75,2500,49,20211117,54,0.99,1
412,412,75,2509,49,20211117,54,0.99,1
413,413,75,2518,49,20211117,54,0.99,1
414,414,75,2527,49,20211117,54,0.99,1
415,415,75,2536,49,20211117,54,0.99,1
416,416,76,2550,4,20211125,66,0.99,1
417,417,77,2551,5,20211208,52,0.99,1
418,418,77,2552,5,20211208,52,0.99,1
419,419,78,2554,7,20211208,59,0.99,1
420,420,78,2556,7,20211208,59,0.99,1
421,421,79,2558,9,20211209,63,0.99,1
422,422,79,2560,9,20211209,63,0.99,1
423,423,79,2562,9,20211209,63,0.99,1
424,424,79,2564,9,20211209,63,0.99,1
425,425,80,2568,13,20211210,57,0.99,1
426,426,80,2572,13,20211210,57,0.99,1
427,427,80,2576,13,20211210,57,0.99,1
428,428,80,2580,13,20211210,57,0.99,1
429,429,80,2584,13,20211210,57,0.99,1
430,430,80,2588,13,20211210,57,0.99,1
431,431,81,2594,19,20211213,1,0.99,1
432,432,81,2600,19,20211213,1,0.99,1
433,433,81,2606,19,20211213,1,0.99,1
434,434,81,2612,19,20211213,1,0.99,1
435,435,81,2618,19,20211213,1,0.99,1
436,436,81,2624,19,20211213,1,0.99,1
437,437,81,2630,19,20211213,1,0.99,1
438,438,81,2636,19,20211213,1,0.99,1
439,439,81,2642,19,20211213,1,0.99,1
440,440,82,2651,28,20211218,20,0.99,1
441,441,82,2660,28,20211218,20,0.99,1
442,442,82,2669,28,20211218,20,0.99,1
443,443,82,2678,28,20211218,20,0.99,1
444,444,82,2687,28,20211218,20,0.99,1
445,445,82,2696,28,20211218,20,0.99,1
446,446,82,2705,28,20211218,20,0.99,1
447,447,82,2714,28,20211218,20,0.99,1
448,448,82,2723,28,20211218,20,0.99,1
449,449,82,2732,28,20211218,20,0.99,1
450,450,82,2741,28,20211218,20,0.99,1
451,451,82,2750,28,20211218,20,0.99,1
452,452,82,2759,28,20211218,20,0.99,1
453,453,82,2768,28,20211218,20,0.99,1
454,454,83,2782,42,20211226,41,0.99,1
455,455,84,2783,43,20220108,30,0.99,1
456,456,84,2784,43,20220108,30,0.99,1
457,457,85,2786,45,20220108,50,0.99,1
458,458,85,2788,45,20220108,50,0.99,1
459,459,86,2790,47,20220109,67,0.99,1
460,460,86,2792,47,20220109,67,0.99,1
461,461,86,2794,47,20220109,67,0.99,1
462,462,86,2796,47,20220109,67,0.99,1
463,463,87,2800,51,20220110,49,0.99,1
464,464,87,2804,51,20220110,49,0.99,1
465,465,87,2808,51,20220110,49,0.99,1
466,466,87,2812,51,20220110,49,0.99,1
467,467,87,2816,51,20220110,49,0.99,1
468,468,87,2820,51,20220110,49,1.99,1
469,469,88,2826,57,20220113,48,1.99,1
470,470,88,2832,57,20220113,48,1.99,1
471,471,88,2838,57,20220113,48,1.99,1
472,472,88,2844,57,20220113,48,1.99,1
473,473,88,2850,57,20220113,48,1.99,1
474,474,88,2856,57,20220113,48,1.99,1
475,475,88,2862,57,20220113,48,1.99,1
476,476,88,2868,57,20220113,48,1.99,1
477,477,88,2874,57,20220113,48,1.99,1
478,478,89,2883,7,20220118,59,1.99,1
479,479,89,2892,7,20220118,59,1.99,1
480,480,89,2901,7,20220118,59,1.99,1
481,481,89,2910,7,20220118,59,1.99,1
482,482,89,2919,7,20220118,59,1.99,1
483,483,89,2928,7,20220118,59,0.99,1
484,484,89,2937,7,20220118,59,0.99,1
485,485,89,2946,7,20220118,59,0.99,1
486,486,89,2955,7,20220118,59,0.99,1
487,487,89,2964,7,20220118,59,0.99,1
488,488,89,2973,7,20220118,59,0.99,1
489,489,89,2982,7,20220118,59,0.99,1
490,490,89,2991,7,20220118,59,0.99,1
491,491,89,3000,7,20220118,59,0.99,1
492,492,90,3014,21,20220126,38,0.99,1
493,493,91,3015,22,20220208,10,0.99,1
494,494,91,3016,22,20220208,10,0.99,1
495,495,92,3018,24,20220208,13,0.99,1
496,496,92,3020,24,20220208,13,0.99,1
497,497,93,3022,26,20220209,16,0.99,1
498,498,93,3024,26,20220209,16,0.99,1
499,499,93,3026,26,20220209,16,0.99,1
500,500,93,3028,26,20220209,16,0.99,1
501,501,94,3032,30,20220210,17,0.99,1
502,502,94,3036,30,20220210,17,0.99,1
503,503,94,3040,30,20220210,17,0.99,1
504,504,94,3044,30,20220210,17,0.99,1
505,505,94,3048,30,20220210,17,0.99,1
506,506,94,3052,30,20220210,17,0.99,1
507,507,95,3058,36,20220213,64,0.99,1
508,508,95,3064,36,20220213,64,0.99,1
509,509,95,3070,36,20220213,64,0.99,1
510,510,95,3076,36,20220213,64,0.99,1
511,511,95,3082,36,20220213,64,0.99,1
512,512,95,3088,36,20220213,64,0.99,1
513,513,95,3094,36,20220213,64,0.99,1
514,514,95,3100,36,20220213,64,0.99,1
515,515,95,3106,36,20220213,64,0.99,1
516,516,96,3115,45,20220218,50,0.99,1
517,517,96,3124,45,20220218,50,0.99,1
518,518,96,3133,45,20220218,50,0.99,1
519,519,96,3142,45,20220218,50,0.99,1
520,520,96,3151,45,20220218,50,0.99,1
521,521,96,3160,45,20220218,50,0.99,1
522,522,96,3169,45,20220218,50,1.99,1
523,523,96,3178,45,20220218,50,1.99,1
524,524,96,3187,45,20220218,50,1.99,1
525,525,96,3196,45,20220218,50,1.99,1
526,526,96,3205,45,20220218,50,1.99,1
527,527,96,3214,45,20220218,50,1.99,1
528,528,96,3223,45,20220218,50,1.99,1
529,529,96,3232,45,20220218,50,1.99,1
530,530,97,3246,59,20220226,19,1.99,1
531,531,98,3247,1,20220311,43,1.99,1
532,532,98,3248,1,20220311,43,1.99,1
533,533,99,3250,3,20220311,11,1.99,1
534,534,99,3252,3,20220311,11,1.99,1
535,535,100,3254,5,20220312,52,0.99,1
536,536,100,3256,5,20220312,52,0.99,1
537,537,100,3258,5,20220312,52,0.99,1
538,538,100,3260,5,20220312,52,0.99,1
539,539,101,3264,9,20220313,63,0.99,1
540,540,101,3268,9,20220313,63,0.99,1
541,541,101,3272,9,20220313,63,0.99,1
542,542,101,3276,9,20220313,63,0.99,1
543,543,101,3280,9,20220313,63,0.99,1
544,544,101,3284,9,20220313,63,0.99,1
545,545,102,3290,15,20220316,34,0.99,1
546,546,102,3296,15,20220316,34,0.99,1
547,547,102,3302,15,20220316,34,0.99,1
548,548,102,3308,15,20220316,34,0.99,1
549,549,102,3314,15,20220316,34,0.99,1
550,550,102,3320,15,20220316,34,0.99,1
551,551,102,3326,15,20220316,34,0.99,1
552,552,102,3332,15,20220316,34,0.99,1
553,553,102,3338,15,20220316,34,1.99,1
554,554,103,3347,24,20220321,13,1.99,1
555,555,103,3356,24,20220321,13,0.99,1
556,556,103,3365,24,20220321,13,0.99,1
557,557,103,3374,24,20220321,13,0.99,1
558,558,103,3383,24,20220321,13,0.99,1
559,559,103,3392,24,20220321,13,0.99,1
560,560,103,3401,24,20220321,13,0.99,1
561,561,103,3410,24,20220321,13,0.99,1
562,562,103,3419,24,20220321,13,0.99,1
563,563,103,3428,24,20220321,13,1.99,1
564,564,103,3437,24,20220321,13,0.99,1
565,565,103,3446,24,20220321,13,0.99,1
566,566,103,3455,24,20220321,13,0.99,1
567,567,103,3464,24,20220321,13,0.99,1
568,568,104,3478,38,20220329,45,0.99,1
569,569,105,3479,39,20220411,23,0.99,1
570,570,105,3480,39,20220411,23,0.99,1
571,571,106,3482,41,20220411,4,0.99,1
572,572,106,3484,41,20220411,4,0.99,1
573,573,107,3486,43,20220412,30,0.99,1
574,574,107,3488,43,20220412,30,0.99,1
575,575,107,3490,43,20220412,30,0.99,1
576,576,107,3492,43,20220412,30,0.99,1
577,577,108,3496,47,20220413,67,0.99,1
578,578,108,3500,47,20220413,67,0.99,1
579,579,108,1,47,20220413,67,0.99,1
580,580,108,5,47,20220413,67,0.99,1
581,581,108,9,47,20220413,67,0.99,1
582,582,108,13,47,20220413,67,0.99,1
583,583,109,19,53,20220416,8,0.99,1
584,584,109,25,53,20220416,8,0.99,1
585,585,109,31,53,20220416,8,0.99,1
586,586,109,37,53,20220416,8,0.99,1
587,587,109,43,53,20220416,8,0.99,1
588,588,109,49,53,20220416,8,0.99,1
589,589,109,55,53,20220416,8,0.99,1
590,590,109,61,53,20220416,8,0.99,1
591,591,109,67,53,20220416,8,0.99,1
592,592,110,76,3,20220421,11,0.99,1
593,593,110,85,3,20220421,11,0.99,1
594,594,110,94,3,20220421,11,0.99,1
595,595,110,103,3,20220421,11,0.99,1
596,596,110,112,3,20220421,11,0.99,1
597,597,110,121,3,20220421,11,0.99,1
598,598,110,130,3,20220421,11,0.99,1
599,599,110,139,3,20220421,11,0.99,1
600,600,110,148,3,20220421,11,0.99,1
601,601,110,157,3,20220421,11,0.99,1
602,602,110,166,3,20220421,11,0.99,1
603,603,110,175,3,20220421,11,0.99,1
604,604,110,184,3,20220421,11,0.99,1
605,605,110,193,3,20220421,11,0.99,1
606,606,111,207,17,20220429,2,0.99,1
607,607,112,208,18,20220512,29,0.99,1
608,608,112,209,18,20220512,29,0.99,1
609,609,113,211,20,20220512,26,0.99,1
610,610,113,213,20,20220512,26,0.99,1
611,611,114,215,22,20220513,10,0.99,1
612,612,114,217,22,20220513,10,0.99,1
613,613,114,219,22,20220513,10,0.99,1
614,614,114,221,22,20220513,10,0.99,1
615,615,115,225,26,20220514,16,0.99,1
616,616,115,229,26,20220514,16,0.99,1
617,617,115,233,26,20220514,16,0.99,1
618,618,115,237,26,20220514,16,0.99,1
619,619,115,241,26,20220514,16,0.99,1
620,620,115,245,26,20220514,16,0.99,1
621,621,116,251,32,20220517,33,0.99,1
622,622,116,257,32,20220517,33,0.99,1
623,623,116,263,32,20220517,33,0.99,1
624,624,116,269,32,20220517,33,0.99,1
625,625,116,275,32,20220517,33,0.99,1
626,626,116,281,32,20220517,33,0.99,1
627,627,116,287,32,20220517,33,0.99,1
628,628,116,293,32,20220517,33,0.99,1
629,629,116,299,32,20220517,33,0.99,1
630,630,117,308,41,20220522,4,0.99,1
631,631,117,317,41,20220522,4,0.99,1
632,632,117,326,41,20220522,4,0.99,1
633,633,117,335,41,20220522,4,0.99,1
634,634,117,344,41,20220522,4,0.99,1
635,635,117,353,41,20220522,4,0.99,1
636,636,117,362,41,20220522,4,0.99,1
637,637,117,371,41,20220522,4,0.99,1
638,638,117,380,41,20220522,4,0.99,1
639,639,117,389,41,20220522,4,0.99,1
640,640,117,398,41,20220522,4,0.99,1
641,641,117,407,41,20220522,4,0.99,1
642,642,117,416,41,20220522,4,0.99,1
643,643,117,425,41,20220522,4,0.99,1
644,644,118,439,55,20220530,24,0.99,1
645,645,119,440,56,20220612,21,0.99,1
646,646,119,441,56,20220612,21,0.99,1
647,647,120,443,58,20220612,9,0.99,1
648,648,120,445,58,20220612,9,0.99,1
649,649,121,447,1,20220613,43,0.99,1
650,650,121,449,1,20220613,43,0.99,1
651,651,121,451,1,20220613,43,0.99,1
652,652,121,453,1,20220613,43,0.99,1
653,653,122,457,5,20220614,52,0.99,1
654,654,122,461,5,20220614,52,0.99,1
655,655,122,465,5,20220614,52,0.99,1
656,656,122,469,5,20220614,52,0.99,1
657,657,122,473,5,20220614,52,0.99,1
658,658,122,477,5,20220614,52,0.99,1
659,659,123,483,11,20220617,44,0.99,1
660,660,123,489,11,20220617,44,0.99,1
661,661,123,495,11,20220617,44,0.99,1
662,662,123,501,11,20220617,44,0.99,1
663,663,123,507,11,20220617,44,0.99,1
664,664,123,513,11,20220617,44,0.99,1
665,665,123,519,11,20220617,44,0.99,1
666,666,123,525,11,20220617,44,0.99,1
667,667,123,531,11,20220617,44,0.99,1
668,668,124,540,20,20220622,26,0.99,1
669,669,124,549,20,20220622,26,0.99,1
670,670,124,558,20,20220622,26,0.99,1
671,671,124,567,20,20220622,26,0.99,1
672,672,124,576,20,20220622,26,0.99,1
673,673,124,585,20,20220622,26,0.99,1
674,674,124,594,20,20220622,26,0.99,1
675,675,124,603,20,20220622,26,0.99,1
676,676,124,612,20,20220622,26,0.99,1
677,677,124,621,20,20220622,26,0.99,1
678,678,124,630,20,20220622,26,0.99,1
679,679,124,639,20,20220622,26,0.99,1
680,680,124,648,20,20220622,26,0.99,1
681,681,124,657,20,20220622,26,0.99,1
682,682,125,671,34,20220630,60,0.99,1
683,683,126,672,35,20220713,61,0.99,1
684,684,126,673,35,20220713,61,0.99,1
685,685,127,675,37,20220713,46,0.99,1
686,686,127,677,37,20220713,46,0.99,1
687,687,128,679,39,20220714,23,0.99,1
688,688,128,681,39,20220714,23,0.99,1
689,689,128,683,39,20220714,23,0.99,1
690,690,128,685,39,20220714,23,0.99,1
691,691,129,689,43,20220715,30,0.99,1
692,692,129,693,43,20220715,30,0.99,1
693,693,129,697,43,20220715,30,0.99,1
694,694,129,701,43,20220715,30,0.99,1
695,695,129,705,43,20220715,30,0.99,1
696,696,129,709,43,20220715,30,0.99,1
697,697,130,715,49,20220718,54,0.99,1
698,698,130,721,49,20220718,54,0.99,1
699,699,130,727,49,20220718,54,0.99,1
700,700,130,733,49,20220718,54,0.99,1
701,701,130,739,49,20220718,54,0.99,1
702,702,130,745,49,20220718,54,0.99,1
703,703,130,751,49,20220718,54,0.99,1
704,704,130,757,49,20220718,54,0.99,1
705,705,130,763,49,20220718,54,0.99,1
706,706,131,772,58,20220723,9,0.99,1
707,707,131,781,58,20220723,9,0.99,1
708,708,131,790,58,20220723,9,0.99,1
709,709,131,799,58,20220723,9,0.99,1
710,710,131,808,58,20220723,9,0.99,1
711,711,131,817,58,20220723,9,0.99,1
712,712,131,826,58,20220723,9,0.99,1
713,713,131,835,58,20220723,9,0.99,1
714,714,131,844,58,20220723,9,0.99,1
715,715,131,853,58,20220723,9,0.99,1
716,716,131,862,58,20220723,9,0.99,1
717,717,131,871,58,20220723,9,0.99,1
718,718,131,880,58,20220723,9,0.99,1
719,719,131,889,58,20220723,9,0.99,1
720,720,132,903,13,20220731,57,0.99,1
721,721,133,904,14,20220813,39,0.99,1
722,722,133,905,14,20220813,39,0.99,1
723,723,134,907,16,20220813,12,0.99,1
724,724,134,909,16,20220813,12,0.99,1
725,725,135,911,18,20220814,29,0.99,1
726,726,135,913,18,20220814,29,0.99,1
727,727,135,915,18,20220814,29,0.99,1
728,728,135,917,18,20220814,29,0.99,1
729,729,136,921,22,20220815,10,0.99,1
730,730,136,925,22,20220815,10,0.99,1
731,731,136,929,22,20220815,10,0.99,1
732,732,136,933,22,20220815,10,0.99,1
733,733,136,937,22,20220815,10,0.99,1
734,734,136,941,22,20220815,10,0.99,1
735,735,137,947,28,20220818,20,0.99,1
736,736,137,953,28,20220818,20,0.99,1
737,737,137,959,28,20220818,20,0.99,1
738,738,137,965,28,20220818,20,0.99,1
739,739,137,971,28,20220818,20,0.99,1
740,740,137,977,28,20220818,20,0.99,1
741,741,137,983,28,20220818,20,0.99,1
742,742,137,989,28,20220818,20,0.99,1
743,743,137,995,28,20220818,20,0.99,1
744,744,138,1004,37,20220823,46,0.99,1
745,745,138,1013,37,20220823,46,0.99,1
746,746,138,1022,37,20220823,46,0.99,1
747,747,138,1031,37,20220823,46,0.99,1
748,748,138,1040,37,20220823,46,0.99,1
749,749,138,1049,37,20220823,46,0.99,1
750,750,138,1058,37,20220823,46,0.99,1
751,751,138,1067,37,20220823,46,0.99,1
752,752,138,1076,37,20220823,46,0.99,1
753,753,138,1085,37,20220823,46,0.99,1
754,754,138,1094,37,20220823,46,0.99,1
755,755,138,1103,37,20220823,46,0.99,1
756,756,138,1112,37,20220823,46,0.99,1
757,757,138,1121,37,20220823,46,0.99,1
758,758,139,1135,51,20220831,49,0.99,1
759,759,140,1136,52,20220913,15,0.99,1
760,760,140,1137,52,20220913,15,0.99,1
761,761,141,1139,54,20220913,5,0.99,1
762,762,141,1141,54,20220913,5,0.99,1
763,763,142,1143,56,20220914,21,0.99,1
764,764,142,1145,56,20220914,21,0.99,1
765,765,142,1147,56,20220914,21,0.99,1
766,766,142,1149,56,20220914,21,0.99,1
767,767,143,1153,1,20220915,43,0.99,1
768,768,143,1157,1,20220915,43,0.99,1
769,769,143,1161,1,20220915,43,0.99,1
770,770,143,1165,1,20220915,43,0.99,1
771,771,143,1169,1,20220915,43,0.99,1
772,772,143,1173,1,20220915,43,0.99,1
773,773,144,1179,7,20220918,59,0.99,1
774,774,144,1185,7,20220918,59,0.99,1
775,775,144,1191,7,20220918,59,0.99,1
776,776,144,1197,7,20220918,59,0.99,1
777,777,144,1203,7,20220918,59,0.99,1
778,778,144,1209,7,20220918,59,0.99,1
779,779,144,1215,7,20220918,59,0.99,1
780,780,144,1221,7,20220918,59,0.99,1
781,781,144,1227,7,20220918,59,0.99,1
782,782,145,1236,16,20220923,12,0.99,1
783,783,145,1245,16,20220923,12,0.99,1
784,784,145,1254,16,20220923,12,0.99,1
785,785,145,1263,16,20220923,12,0.99,1
786,786,145,1272,16,20220923,12,0.99,1
787,787,145,1281,16,20220923,12,0.99,1
788,788,145,1290,16,20220923,12,0.99,1
789,789,145,1299,16,20220923,12,0.99,1
790,790,145,1308,16,20220923,12,0.99,1
791,791,145,1317,16,20220923,12,0.99,1
792,792,145,1326,16,20220923,12,0.99,1
793,793,145,1335,16,20220923,12,0.99,1
794,794,145,1344,16,20220923,12,0.99,1
795,795,145,1353,16,20220923,12,0.99,1
796,796,146,1367,30,20221001,17,0.99,1
797,797,147,1368,31,20221014,14,0.99,1
798,798,147,1369,31,20221014,14,0.99,1
799,799,148,1371,33,20221014,25,0.99,1
800,800,148,1373,33,20221014,25,0.99,1
801,801,149,1375,35,20221015,61,0.99,1
802,802,149,1377,35,20221015,61,0.99,1
803,803,149,1379,35,20221015,61,0.99,1
804,804,149,1381,35,20221015,61,0.99,1
805,805,150,1385,39,20221016,23,0.99,1
806,806,150,1389,39,20221016,23,0.99,1
807,807,150,1393,39,20221016,23,0.99,1
808,808,150,1397,39,20221016,23,0.99,1
809,809,150,1401,39,20221016,23,0.99,1
810,810,150,1405,39,20221016,23,0.99,1
811,811,151,1411,45,20221019,50,0.99,1
812,812,151,1417,45,20221019,50,0.99,1
813,813,151,1423,45,20221019,50,0.99,1
814,814,151,1429,45,20221019,50,0.99,1
815,815,151,1435,45,20221019,50,0.99,1
816,816,151,1441,45,20221019,50,0.99,1
817,817,151,1447,45,20221019,50,0.99,1
818,818,151,1453,45,20221019,50,0.99,1
819,819,151,1459,45,20221019,50,0.99,1
820,820,152,1468,54,20221024,5,0.99,1
821,821,152,1477,54,20221024,5,0.99,1
822,822,152,1486,54,20221024,5,0.99,1
823,823,152,1495,54,20221024,5,0.99,1
824,824,152,1504,54,20221024,5,0.99,1
825,825,152,1513,54,20221024,5,0.99,1
826,826,152,1522,54,20221024,5,0.99,1
827,827,152,1531,54,20221024,5,0.99,1
828,828,152,1540,54,20221024,5,0.99,1
829,829,152,1549,54,20221024,5,0.99,1
830,830,152,1558,54,20221024,5,0.99,1
831,831,152,1567,54,20221024,5,0.99,1
832,832,152,1576,54,20221024,5,0.99,1
833,833,152,1585,54,20221024,5,0.99,1
834,834,153,1599,9,20221101,63,0.99,1
835,835,154,1600,10,20221114,62,0.99,1
836,836,154,1601,10,20221114,62,0.99,1
837,837,155,1603,12,20221114,56,0.99,1
838,838,155,1605,12,20221114,56,0.99,1
839,839,156,1607,14,20221115,39,0.99,1
840,840,156,1609,14,20221115,39,0.99,1
841,841,156,1611,14,20221115,39,0.99,1
842,842,156,1613,14,20221115,39,0.99,1
843,843,157,1617,18,20221116,29,0.99,1
844,844,157,1621,18,20221116,29,0.99,1
845,845,157,1625,18,20221116,29,0.99,1
846,846,157,1629,18,20221116,29,0.99,1
847,847,157,1633,18,20221116,29,0.99,1
848,848,157,1637,18,20221116,29,0.99,1
849,849,158,1643,24,20221119,13,0.99,1
850,850,158,1649,24,20221119,13,0.99,1
851,851,158,1655,24,20221119,13,0.99,1
852,852,158,1661,24,20221119,13,0.99,1
853,853,158,1667,24,20221119,13,0.99,1
854,854,158,1673,24,20221119,13,0.99,1
855,855,158,1679,24,20221119,13,0.99,1
856,856,158,1685,24,20221119,13,0.99,1
857,857,158,1691,24,20221119,13,0.99,1
858,858,159,1700,33,20221124,25,0.99,1
859,859,159,1709,33,20221124,25,0.99,1
860,860,159,1718,33,20221124,25,0.99,1
861,861,159,1727,33,20221124,25,0.99,1
862,862,159,1736,33,20221124,25,0.99,1
863,863,159,1745,33,20221124,25,0.99,1
864,864,159,1754,33,20221124,25,0.99,1
865,865,159,1763,33,20221124,25,0.99,1
866,866,159,1772,33,20221124,25,0.99,1
867,867,159,1781,33,20221124,25,0.99,1
868,868,159,1790,33,20221124,25,0.99,1
869,869,159,1799,33,20221124,25,0.99,1
870,870,159,1808,33,20221124,25,0.99,1
871,871,159,1817,33,20221124,25,0.99,1
872,872,160,1831,47,20221202,67,0.99,1
873,873,161,1832,48,20221215,53,0.99,1
874,874,161,1833,48,20221215,53,0.99,1
875,875,162,1835,50,20221215,47,0.99,1
876,876,162,1837,50,20221215,47,0.99,1
877,877,163,1839,52,20221216,15,0.99,1
878,878,163,1841,52,20221216,15,0.99,1
879,879,163,1843,52,20221216,15,0.99,1
880,880,163,1845,52,20221216,15,0.99,1
881,881,164,1849,56,20221217,21,0.99,1
882,882,164,1853,56,20221217,21,0.99,1
883,883,164,1857,56,20221217,21,0.99,1
884,884,164,1861,56,20221217,21,0.99,1
885,885,164,1865,56,20221217,21,0.99,1
886,886,164,1869,56,20221217,21,0.99,1
887,887,165,1875,3,20221220,11,0.99,1
888,888,165,1881,3,20221220,11,0.99,1
889,889,165,1887,3,20221220,11,0.99,1
890,890,165,1893,3,20221220,11,0.99,1
891,891,165,1899,3,20221220,11,0.99,1
892,892,165,1905,3,20221220,11,0.99,1
893,893,165,1911,3,20221220,11,0.99,1
894,894,165,1917,3,20221220,11,0.99,1
895,895,165,1923,3,20221220,11,0.99,1
896,896,166,1932,12,20221225,56,0.99,1
897,897,166,1941,12,20221225,56,0.99,1
898,898,166,1950,12,20221225,56,0.99,1
899,899,166,1959,12,20221225,56,0.99,1
900,900,166,1968,12,20221225,56,0.99,1
901,901,166,1977,12,20221225,56,0.99,1
902,902,166,1986,12,20221225,56,0.99,1
903,903,166,1995,12,20221225,56,0.99,1
904,904,166,2004,12,20221225,56,0.99,1
905,905,166,2013,12,20221225,56,0.99,1
906,906,166,2022,12,20221225,56,0.99,1
907,907,166,2031,12,20221225,56,0.99,1
908,908,166,2040,12,20221225,56,0.99,1
909,909,166,2049,12,20221225,56,0.99,1
910,910,167,2063,26,20230102,16,0.99,1
911,911,168,2064,27,20230115,3,0.99,1
912,912,168,2065,27,20230115,3,0.99,1
913,913,169,2067,29,20230115,36,0.99,1
914,914,169,2069,29,20230115,36,0.99,1
915,915,170,2071,31,20230116,14,0.99,1
916,916,170,2073,31,20230116,14,0.99,1
917,917,170,2075,31,20230116,14,0.99,1
918,918,170,2077,31,20230116,14,0.99,1
919,919,171,2081,35,20230117,61,0.99,1
920,920,171,2085,35,20230117,61,0.99,1
921,921,171,2089,35,20230117,61,0.99,1
922,922,171,2093,35,20230117,61,0.99,1
923,923,171,2097,35,20230117,61,0.99,1
924,924,171,2101,35,20230117,61,0.99,1
925,925,172,2107,41,20230120,4,0.99,1
926,926,172,2113,41,20230120,4,0.99,1
927,927,172,2119,41,20230120,4,0.99,1
928,928,172,2125,41,20230120,4,0.99,1
929,929,172,2131,41,20230120,4,0.99,1
930,930,172,2137,41,20230120,4,0.99,1
931,931,172,2143,41,20230120,4,0.99,1
932,932,172,2149,41,20230120,4,0.99,1
933,933,172,2155,41,20230120,4,0.99,1
934,934,173,2164,50,20230125,47,0.99,1
935,935,173,2173,50,20230125,47,0.99,1
936,936,173,2182,50,20230125,47,0.99,1
937,937,173,2191,50,20230125,47,0.99,1
938,938,173,2200,50,20230125,47,0.99,1
939,939,173,2209,50,20230125,47,0.99,1
940,940,173,2218,50,20230125,47,0.99,1
941,941,173,2227,50,20230125,47,0.99,1
942,942,173,2236,50,20230125,47,0.99,1
943,943,173,2245,50,20230125,47,0.99,1
944,944,173,2254,50,20230125,47,0.99,1
945,945,173,2263,50,20230125,47,0.99,1
946,946,173,2272,50,20230125,47,0.99,1
947,947,173,2281,50,20230125,47,0.99,1
948,948,174,2295,5,20230202,52,0.99,1
949,949,175,2296,6,20230215,58,0.99,1
950,950,175,2297,6,20230215,58,0.99,1
951,951,176,2299,8,20230215,51,0.99,1
952,952,176,2301,8,20230215,51,0.99,1
953,953,177,2303,10,20230216,62,0.99,1
954,954,177,2305,10,20230216,62,0.99,1
955,955,177,2307,10,20230216,62,0.99,1
956,956,177,2309,10,20230216,62,0.99,1
957,957,178,2313,14,20230217,39,0.99,1
958,958,178,2317,14,20230217,39,0.99,1
959,959,178,2321,14,20230217,39,0.99,1
960,960,178,2325,14,20230217,39,0.99,1
961,961,178,2329,14,20230217,39,0.99,1
962,962,178,2333,14,20230217,39,0.99,1
963,963,179,2339,20,20230220,26,0.99,1
964,964,179,2345,20,20230220,26,0.99,1
965,965,179,2351,20,20230220,26,0.99,1
966,966,179,2357,20,20230220,26,0.99,1
967,967,179,2363,20,20230220,26,0.99,1
968,968,179,2369,20,20230220,26,0.99,1
969,969,179,2375,20,20230220,26,0.99,1
970,970,179,2381,20,20230220,26,0.99,1
971,971,179,2387,20,20230220,26,0.99,1
972,972,180,2396,29,20230225,36,0.99,1
973,973,180,2405,29,20230225,36,0.99,1
974,974,180,2414,29,20230225,36,0.99,1
975,975,180,2423,29,20230225,36,0.99,1
976,976,180,2432,29,20230225,36,0.99,1
977,977,180,2441,29,20230225,36,0.99,1
978,978,180,2450,29,20230225,36,0.99,1
979,979,180,2459,29,20230225,36,0.99,1
980,980,180,2468,29,20230225,36,0.99,1
981,981,180,2477,29,20230225,36,0.99,1
982,982,180,2486,29,20230225,36,0.99,1
983,983,180,2495,29,20230225,36,0.99,1
984,984,180,2504,29,20230225,36,0.99,1
985,985,180,2513,29,20230225,36,0.99,1
986,986,181,2527,43,20230305,30,0.99,1
987,987,182,2528,44,20230318,55,0.99,1
988,988,182,2529,44,20230318,55,0.99,1
989,989,183,2531,46,20230318,18,0.99,1
990,990,183,2533,46,20230318,18,0.99,1
991,991,184,2535,48,20230319,53,0.99,1
992,992,184,2537,48,20230319,53,0.99,1
993,993,184,2539,48,20230319,53,0.99,1
994,994,184,2541,48,20230319,53,0.99,1
995,995,185,2545,52,20230320,15,0.99,1
996,996,185,2549,52,20230320,15,0.99,1
997,997,185,2553,52,20230320,15,0.99,1
998,998,185,2557,52,20230320,15,0.99,1
999,999,185,2561,52,20230320,15,0.99,1
1000,1000,185,2565,52,20230320,15,0.99,1
1001,1001,186,2571,58,20230323,9,0.99,1
1002,1002,186,2577,58,20230323,9,0.99,1
1003,1003,186,2583,58,20230323,9,0.99,1
1004,1004,186,2589,58,20230323,9,0.99,1
1005,1005,186,2595,58,20230323,9,0.99,1
1006,1006,186,2601,58,20230323,9,0.99,1
1007,1007,186,2607,58,20230323,9,0.99,1
1008,1008,186,2613,58,20230323,9,0.99,1
1009,1009,186,2619,58,20230323,9,0.99,1
1010,1010,187,2628,8,20230328,51,0.99,1
1011,1011,187,2637,8,20230328,51,0.99,1
1012,1012,187,2646,8,20230328,51,0.99,1
1013,1013,187,2655,8,20230328,51,0.99,1
1014,1014,187,2664,8,20230328,51,0.99,1
1015,1015,187,2673,8,20230328,51,0.99,1
1016,1016,187,2682,8,20230328,51,0.99,1
1017,1017,187,2691,8,20230328,51,0.99,1
1018,1018,187,2700,8,20230328,51,0.99,1
1019,1019,187,2709,8,20230328,51,0.99,1
1020,1020,187,2718,8,20230328,51,0.99,1
1021,1021,187,2727,8,20230328,51,0.99,1
1022,1022,187,2736,8,20230328,51,0.99,1
1023,1023,187,2745,8,20230328,51,0.99,1
1024,1024,188,2759,22,20230405,10,0.99,1
1025,1025,189,2760,23,20230418,32,0.99,1
1026,1026,189,2761,23,20230418,32,0.99,1
1027,1027,190,2763,25,20230418,22,0.99,1
1028,1028,190,2765,25,20230418,22,0.99,1
1029,1029,191,2767,27,20230419,3,0.99,1
1030,1030,191,2769,27,20230419,3,0.99,1
1031,1031,191,2771,27,20230419,3,0.99,1
1032,1032,191,2773,27,20230419,3,0.99,1
1033,1033,192,2777,31,20230420,14,0.99,1
1034,1034,192,2781,31,20230420,14,0.99,1
1035,1035,192,2785,31,20230420,14,0.99,1
1036,1036,192,2789,31,20230420,14,0.99,1
1037,1037,192,2793,31,20230420,14,0.99,1
1038,1038,192,2797,31,20230420,14,0.99,1
1039,1039,193,2803,37,20230423,46,0.99,1
1040,1040,193,2809,37,20230423,46,0.99,1
1041,1041,193,2815,37,20230423,46,0.99,1
1042,1042,193,2821,37,20230423,46,1.99,1
1043,1043,193,2827,37,20230423,46,1.99,1
1044,1044,193,2833,37,20230423,46,1.99,1
1045,1045,193,2839,37,20230423,46,1.99,1
1046,1046,193,2845,37,20230423,46,1.99,1
1047,1047,193,2851,37,20230423,46,1.99,1
1048,1048,194,2860,46,20230428,18,1.99,1
1049,1049,194,2869,46,20230428,18,1.99,1
1050,1050,194,2878,46,20230428,18,1.99,1
1051,1051,194,2887,46,20230428,18,1.99,1
1052,1052,194,2896,46,20230428,18,1.99,1
1053,1053,194,2905,46,20230428,18,1.99,1
1054,1054,194,2914,46,20230428,18,1.99,1
1055,1055,194,2923,46,20230428,18,1.99,1
1056,1056,194,2932,46,20230428,18,0.99,1
1057,1057,194,2941,46,20230428,18,0.99,1
1058,1058,194,2950,46,20230428,18,0.99,1
1059,1059,194,2959,46,20230428,18,0.99,1
1060,1060,194,2968,46,20230428,18,0.99,1
1061,1061,194,2977,46,20230428,18,0.99,1
1062,1062,195,2991,1,20230506,43,0.99,1
1063,1063,196,2992,2,20230519,65,0.99,1
1064,1064,196,2993,2,20230519,65,0.99,1
1065,1065,197,2995,4,20230519,66,0.99,1
1066,1066,197,2997,4,20230519,66,0.99,1
1067,1067,198,2999,6,20230520,58,0.99,1
1068,1068,198,3001,6,20230520,58,0.99,1
1069,1069,198,3003,6,20230520,58,0.99,1
1070,1070,198,3005,6,20230520,58,0.99,1
1071,1071,199,3009,10,20230521,62,0.99,1
1072,1072,199,3013,10,20230521,62,0.99,1
1073,1073,199,3017,10,20230521,62,0.99,1
1074,1074,199,3021,10,20230521,62,0.99,1
1075,1075,199,3025,10,20230521,62,0.99,1
1076,1076,199,3029,10,20230521,62,0.99,1
1077,1077,200,3035,16,20230524,12,0.99,1
1078,1078,200,3041,16,20230524,12,0.99,1
1079,1079,200,3047,16,20230524,12,0.99,1
1080,1080,200,3053,16,20230524,12,0.99,1
1081,1081,200,3059,16,20230524,12,0.99,1
1082,1082,200,3065,16,20230524,12,0.99,1
1083,1083,200,3071,16,20230524,12,0.99,1
1084,1084,200,3077,16,20230524,12,0.99,1
1085,1085,200,3083,16,20230524,12,0.99,1
1086,1086,201,3092,25,20230529,22,0.99,1
1087,1087,201,3101,25,20230529,22,0.99,1
1088,1088,201,3110,25,20230529,22,0.99,1
1089,1089,201,3119,25,20230529,22,0.99,1
1090,1090,201,3128,25,20230529,22,0.99,1
1091,1091,201,3137,25,20230529,22,0.99,1
1092,1092,201,3146,25,20230529,22,0.99,1
1093,1093,201,3155,25,20230529,22,0.99,1
1094,1094,201,3164,25,20230529,22,0.99,1
1095,1095,201,3173,25,20230529,22,1.99,1
1096,1096,201,3182,25,20230529,22,1.99,1
1097,1097,201,3191,25,20230529,22,1.99,1
1098,1098,201,3200,25,20230529,22,1.99,1
1099,1099,201,3209,25,20230529,22,1.99,1
1100,1100,202,3223,39,20230606,23,1.99,1
1101,1101,203,3224,40,20230619,37,1.99,1
1102,1102,203,3225,40,20230619,37,0.99,1
1103,1103,204,3227,42,20230619,41,1.99,1
1104,1104,204,3229,42,20230619,41,1.99,1
1105,1105,205,3231,44,20230620,55,1.99,1
1106,1106,205,3233,44,20230620,55,1.99,1
1107,1107,205,3235,44,20230620,55,1.99,1
1108,1108,205,3237,44,20230620,55,1.99,1
1109,1109,206,3241,48,20230621,53,1.99,1
1110,1110,206,3245,48,20230621,53,1.99,1
1111,1111,206,3249,48,20230621,53,1.99,1
1112,1112,206,3253,48,20230621,53,0.99,1
1113,1113,206,3257,48,20230621,53,0.99,1
1114,1114,206,3261,48,20230621,53,0.99,1
1115,1115,207,3267,54,20230624,5,0.99,1
1116,1116,207,3273,54,20230624,5,0.99,1
1117,1117,207,3279,54,20230624,5,0.99,1
1118,1118,207,3285,54,20230624,5,0.99,1
1119,1119,207,3291,54,20230624,5,0.99,1
1120,1120,207,3297,54,20230624,5,0.99,1
1121,1121,207,3303,54,20230624,5,0.99,1
1122,1122,207,3309,54,20230624,5,0.99,1
1123,1123,207,3315,54,20230624,5,0.99,1
1124,1124,208,3324,4,20230629,66,0.99,1
1125,1125,208,3333,4,20230629,66,0.99,1
1126,1126,208,3342,4,20230629,66,1.99,1
1127,1127,208,3351,4,20230629,66,0.99,1
1128,1128,208,3360,4,20230629,66,1.99,1
1129,1129,208,3369,4,20230629,66,0.99,1
1130,1130,208,3378,4,20230629,66,0.99,1
1131,1131,208,3387,4,20230629,66,0.99,1
1132,1132,208,3396,4,20230629,66,0.99,1
1133,1133,208,3405,4,20230629,66,0.99,1
1134,1134,208,3414,4,20230629,66,0.99,1
1135,1135,208,3423,4,20230629,66,0.99,1
1136,1136,208,3432,4,20230629,66,0.99,1
1137,1137,208,3441,4,20230629,66,0.99,1
1138,1138,209,3455,18,20230707,29,0.99,1
1139,1139,210,3456,19,20230720,1,0.99,1
1140,1140,210,3457,19,20230720,1,0.99,1
1141,1141,211,3459,21,20230720,38,0.99,1
1142,1142,211,3461,21,20230720,38,0.99,1
1143,1143,212,3463,23,20230721,32,0.99,1
1144,1144,212,3465,23,20230721,32,0.99,1
1145,1145,212,3467,23,20230721,32,0.99,1
1146,1146,212,3469,23,20230721,32,0.99,1
1147,1147,213,3473,27,20230722,3,0.99,1
1148,1148,213,3477,27,20230722,3,0.99,1
1149,1149,213,3481,27,20230722,3,0.99,1
1150,1150,213,3485,27,20230722,3,0.99,1
1151,1151,213,3489,27,20230722,3,0.99,1
1152,1152,213,3493,27,20230722,3,0.99,1
1153,1153,214,3499,33,20230725,25,0.99,1
1154,1154,214,2,33,20230725,25,0.99,1
1155,1155,214,8,33,20230725,25,0.99,1
1156,1156,214,14,33,20230725,25,0.99,1
1157,1157,214,20,33,20230725,25,0.99,1
1158,1158,214,26,33,20230725,25,0.99,1
1159,1159,214,32,33,20230725,25,0.99,1
1160,1160,214,38,33,20230725,25,0.99,1
1161,1161,214,44,33,20230725,25,0.99,1
1162,1162,215,53,42,20230730,41,0.99,1
1163,1163,215,62,42,20230730,41,0.99,1
1164,1164,215,71,42,20230730,41,0.99,1
1165,1165,215,80,42,20230730,41,0.99,1
1166,1166,215,89,42,20230730,41,0.99,1
1167,1167,215,98,42,20230730,41,0.99,1
1168,1168,215,107,42,20230730,41,0.99,1
1169,1169,215,116,42,20230730,41,0.99,1
1170,1170,215,125,42,20230730,41,0.99,1
1171,1171,215,134,42,20230730,41,0.99,1
1172,1172,215,143,42,20230730,41,0.99,1
1173,1173,215,152,42,20230730,41,0.99,1
1174,1174,215,161,42,20230730,41,0.99,1
1175,1175,215,170,42,20230730,41,0.99,1
1176,1176,216,184,56,20230807,21,0.99,1
1177,1177,217,185,57,20230820,48,0.99,1
1178,1178,217,186,57,20230820,48,0.99,1
1179,1179,218,188,59,20230820,19,0.99,1
1180,1180,218,190,59,20230820,19,0.99,1
1181,1181,219,192,2,20230821,65,0.99,1
1182,1182,219,194,2,20230821,65,0.99,1
1183,1183,219,196,2,20230821,65,0.99,1
1184,1184,219,198,2,20230821,65,0.99,1
1185,1185,220,202,6,20230822,58,0.99,1
1186,1186,220,206,6,20230822,58,0.99,1
1187,1187,220,210,6,20230822,58,0.99,1
1188,1188,220,214,6,20230822,58,0.99,1
1189,1189,220,218,6,20230822,58,0.99,1
1190,1190,220,222,6,20230822,58,0.99,1
1191,1191,221,228,12,20230825,56,0.99,1
1192,1192,221,234,12,20230825,56,0.99,1
1193,1193,221,240,12,20230825,56,0.99,1
1194,1194,221,246,12,20230825,56,0.99,1
1195,1195,221,252,12,20230825,56,0.99,1
1196,1196,221,258,12,20230825,56,0.99,1
1197,1197,221,264,12,20230825,56,0.99,1
1198,1198,221,270,12,20230825,56,0.99,1
1199,1199,221,276,12,20230825,56,0.99,1
1200,1200,222,285,21,20230830,38,0.99,1
1201,1201,222,294,21,20230830,38,0.99,1
1202,1202,222,303,21,20230830,38,0.99,1
1203,1203,222,312,21,20230830,38,0.99,1
1204,1204,222,321,21,20230830,38,0.99,1
1205,1205,222,330,21,20230830,38,0.99,1
1206,1206,222,339,21,20230830,38,0.99,1
1207,1207,222,348,21,20230830,38,0.99,1
1208,1208,222,357,21,20230830,38,0.99,1
1209,1209,222,366,21,20230830,38,0.99,1
1210,1210,222,375,21,20230830,38,0.99,1
1211,1211,222,384,21,20230830,38,0.99,1
1212,1212,222,393,21,20230830,38,0.99,1
1213,1213,222,402,21,20230830,38,0.99,1
1214,1214,223,416,35,20230907,61,0.99,1
1215,1215,224,417,36,20230920,64,0.99,1
1216,1216,224,418,36,20230920,64,0.99,1
1217,1217,225,420,38,20230920,45,0.99,1
1218,1218,225,422,38,20230920,45,0.99,1
1219,1219,226,424,40,20230921,37,0.99,1
1220,1220,226,426,40,20230921,37,0.99,1
1221,1221,226,428,40,20230921,37,0.99,1
1222,1222,226,430,40,20230921,37,0.99,1
1223,1223,227,434,44,20230922,55,0.99,1
1224,1224,227,438,44,20230922,55,0.99,1
1225,1225,227,442,44,20230922,55,0.99,1
1226,1226,227,446,44,20230922,55,0.99,1
1227,1227,227,450,44,20230922,55,0.99,1
1228,1228,227,454,44,20230922,55,0.99,1
1229,1229,228,460,50,20230925,47,0.99,1
1230,1230,228,466,50,20230925,47,0.99,1
1231,1231,228,472,50,20230925,47,0.99,1
1232,1232,228,478,50,20230925,47,0.99,1
1233,1233,228,484,50,20230925,47,0.99,1
1234,1234,228,490,50,20230925,47,0.99,1
1235,1235,228,496,50,20230925,47,0.99,1
1236,1236,228,502,50,20230925,47,0.99,1
1237,1237,228,508,50,20230925,47,0.99,1
1238,1238,229,517,59,20230930,19,0.99,1
1239,1239,229,526,59,20230930,19,0.99,1
1240,1240,229,535,59,20230930,19,0.99,1
1241,1241,229,544,59,20230930,19,0.99,1
1242,1242,229,553,59,20230930,19,0.99,1
1243,1243,229,562,59,20230930,19,0.99,1
1244,1244,229,571,59,20230930,19,0.99,1
1245,1245,229,580,59,20230930,19,0.99,1
1246,1246,229,589,59,20230930,19,0.99,1
1247,1247,229,598,59,20230930,19,0.99,1
1248,1248,229,607,59,20230930,19,0.99,1
1249,1249,229,616,59,20230930,19,0.99,1
1250,1250,229,625,59,20230930,19,0.99,1
1251,1251,229,634,59,20230930,19,0.99,1
1252,1252,230,648,14,20231008,39,0.99,1
1253,1253,231,649,15,20231021,34,0.99,1
1254,1254,231,650,15,20231021,34,0.99,1
1255,1255,232,652,17,20231021,2,0.99,1
1256,1256,232,654,17,20231021,2,0.99,1
1257,1257,233,656,19,20231022,1,0.99,1
1258,1258,233,658,19,20231022,1,0.99,1
1259,1259,233,660,19,20231022,1,0.99,1
1260,1260,233,662,19,20231022,1,0.99,1
1261,1261,234,666,23,20231023,32,0.99,1
1262,1262,234,670,23,20231023,32,0.99,1
1263,1263,234,674,23,20231023,32,0.99,1
1264,1264,234,678,23,20231023,32,0.99,1
1265,1265,234,682,23,20231023,32,0.99,1
1266,1266,234,686,23,20231023,32,0.99,1
1267,1267,235,692,29,20231026,36,0.99,1
1268,1268,235,698,29,20231026,36,0.99,1
1269,1269,235,704,29,20231026,36,0.99,1
1270,1270,235,710,29,20231026,36,0.99,1
1271,1271,235,716,29,20231026,36,0.99,1
1272,1272,235,722,29,20231026,36,0.99,1
1273,1273,235,728,29,20231026,36,0.99,1
1274,1274,235,734,29,20231026,36,0.99,1
1275,1275,235,740,29,20231026,36,0.99,1
1276,1276,236,749,38,20231031,45,0.99,1
1277,1277,236,758,38,20231031,45,0.99,1
1278,1278,236,767,38,20231031,45,0.99,1
1279,1279,236,776,38,20231031,45,0.99,1
1280,1280,236,785,38,20231031,45,0.99,1
1281,1281,236,794,38,20231031,45,0.99,1
1282,1282,236,803,38,20231031,45,0.99,1
1283,1283,236,812,38,20231031,45,0.99,1
1284,1284,236,821,38,20231031,45,0.99,1
1285,1285,236,830,38,20231031,45,0.99,1
1286,1286,236,839,38,20231031,45,0.99,1
1287,1287,236,848,38,20231031,45,0.99,1
1288,1288,236,857,38,20231031,45,0.99,1
1289,1289,236,866,38,20231031,45,0.99,1
1290,1290,237,880,52,20231108,15,0.99,1
1291,1291,238,881,53,20231121,8,0.99,1
1292,1292,238,882,53,20231121,8,0.99,1
1293,1293,239,884,55,20231121,24,0.99,1
1294,1294,239,886,55,20231121,24,0.99,1
1295,1295,240,888,57,20231122,48,0.99,1
1296,1296,240,890,57,20231122,48,0.99,1
1297,1297,240,892,57,20231122,48,0.99,1
1298,1298,240,894,57,20231122,48,0.99,1
1299,1299,241,898,2,20231123,65,0.99,1
1300,1300,241,902,2,20231123,65,0.99,1
1301,1301,241,906,2,20231123,65,0.99,1
1302,1302,241,910,2,20231123,65,0.99,1
1303,1303,241,914,2,20231123,65,0.99,1
1304,1304,241,918,2,20231123,65,0.99,1
1305,1305,242,924,8,20231126,51,0.99,1
1306,1306,242,930,8,20231126,51,0.99,1
1307,1307,242,936,8,20231126,51,0.99,1
1308,1308,242,942,8,20231126,51,0.99,1
1309,1309,242,948,8,20231126,51,0.99,1
1310,1310,242,954,8,20231126,51,0.99,1
1311,1311,242,960,8,20231126,51,0.99,1
1312,1312,242,966,8,20231126,51,0.99,1
1313,1313,242,972,8,20231126,51,0.99,1
1314,1314,243,981,17,20231201,2,0.99,1
1315,1315,243,990,17,20231201,2,0.99,1
1316,1316,243,999,17,20231201,2,0.99,1
1317,1317,243,1008,17,20231201,2,0.99,1
1318,1318,243,1017,17,20231201,2,0.99,1
1319,1319,243,1026,17,20231201,2,0.99,1
1320,1320,243,1035,17,20231201,2,0.99,1
1321,1321,243,1044,17,20231201,2,0.99,1
1322,1322,243,1053,17,20231201,2,0.99,1
1323,1323,243,1062,17,20231201,2,0.99,1
1324,1324,243,1071,17,20231201,2,0.99,1
1325,1325,243,1080,17,20231201,2,0.99,1
1326,1326,243,1089,17,20231201,2,0.99,1
1327,1327,243,1098,17,20231201,2,0.99,1
1328,1328,244,1112,31,20231209,14,0.99,1
1329,1329,245,1113,32,20231222,33,0.99,1
1330,1330,245,1114,32,20231222,33,0.99,1
1331,1331,246,1116,34,20231222,60,0.99,1
1332,1332,246,1118,34,20231222,60,0.99,1
1333,1333,247,1120,36,20231223,64,0.99,1
1334,1334,247,1122,36,20231223,64,0.99,1
1335,1335,247,1124,36,20231223,64,0.99,1
1336,1336,247,1126,36,20231223,64,0.99,1
1337,1337,248,1130,40,20231224,37,0.99,1
1338,1338,248,1134,40,20231224,37,0.99,1
1339,1339,248,1138,40,20231224,37,0.99,1
1340,1340,248,1142,40,20231224,37,0.99,1
1341,1341,248,1146,40,20231224,37,0.99,1
1342,1342,248,1150,40,20231224,37,0.99,1
1343,1343,249,1156,46,20231227,18,0.99,1
1344,1344,249,1162,46,20231227,18,0.99,1
1345,1345,249,1168,46,20231227,18,0.99,1
1346,1346,249,1174,46,20231227,18,0.99,1
1347,1347,249,1180,46,20231227,18,0.99,1
1348,1348,249,1186,46,20231227,18,0.99,1
1349,1349,249,1192,46,20231227,18,0.99,1
1350,1350,249,1198,46,20231227,18,0.99,1
1351,1351,249,1204,46,20231227,18,0.99,1
1352,1352,250,1213,55,20240101,24,0.99,1
1353,1353,250,1222,55,20240101,24,0.99,1
1354,1354,250,1231,55,20240101,24,0.99,1
1355,1355,250,1240,55,20240101,24,0.99,1
1356,1356,250,1249,55,20240101,24,0.99,1
1357,1357,250,1258,55,20240101,24,0.99,1
1358,1358,250,1267,55,20240101,24,0.99,1
1359,1359,250,1276,55,20240101,24,0.99,1
1360,1360,250,1285,55,20240101,24,0.99,1
1361,1361,250,1294,55,20240101,24,0.99,1
1362,1362,250,1303,55,20240101,24,0.99,1
1363,1363,250,1312,55,20240101,24,0.99,1
1364,1364,250,1321,55,20240101,24,0.99,1
1365,1365,250,1330,55,20240101,24,0.99,1
1366,1366,251,1344,10,20240109,62,0.99,1
1367,1367,252,1345,11,20240122,44,0.99,1
1368,1368,252,1346,11,20240122,44,0.99,1
1369,1369,253,1348,13,20240122,57,0.99,1
1370,1370,253,1350,13,20240122,57,0.99,1
1371,1371,254,1352,15,20240123,34,0.99,1
1372,1372,254,1354,15,20240123,34,0.99,1
1373,1373,254,1356,15,20240123,34,0.99,1
1374,1374,254,1358,15,20240123,34,0.99,1
1375,1375,255,1362,19,20240124,1,0.99,1
1376,1376,255,1366,19,20240124,1,0.99,1
1377,1377,255,1370,19,20240124,1,0.99,1
1378,1378,255,1374,19,20240124,1,0.99,1
1379,1379,255,1378,19,20240124,1,0.99,1
1380,1380,255,1382,19,20240124,1,0.99,1
1381,1381,256,1388,25,20240127,22,0.99,1
1382,1382,256,1394,25,20240127,22,0.99,1
1383,1383,256,1400,25,20240127,22,0.99,1
1384,1384,256,1406,25,20240127,22,0.99,1
1385,1385,256,1412,25,20240127,22,0.99,1
1386,1386,256,1418,25,20240127,22,0.99,1
1387,1387,256,1424,25,20240127,22,0.99,1
1388,1388,256,1430,25,20240127,22,0.99,1
1389,1389,256,1436,25,20240127,22,0.99,1
1390,1390,257,1445,34,20240201,60,0.99,1
1391,1391,257,1454,34,20240201,60,0.99,1
1392,1392,257,1463,34,20240201,60,0.99,1
1393,1393,257,1472,34,20240201,60,0.99,1
1394,1394,257,1481,34,20240201,60,0.99,1
1395,1395,257,1490,34,20240201,60,0.99,1
1396,1396,257,1499,34,20240201,60,0.99,1
1397,1397,257,1508,34,20240201,60,0.99,1
1398,1398,257,1517,34,20240201,60,0.99,1
1399,1399,257,1526,34,20240201,60,0.99,1
1400,1400,257,1535,34,20240201,60,0.99,1
1401,1401,257,1544,34,20240201,60,0.99,1
1402,1402,257,1553,34,20240201,60,0.99,1
1403,1403,257,1562,34,20240201,60,0.99,1
1404,1404,258,1576,48,20240209,53,0.99,1
1405,1405,259,1577,49,20240222,54,0.99,1
1406,1406,259,1578,49,20240222,54,0.99,1
1407,1407,260,1580,51,20240222,49,0.99,1
1408,1408,260,1582,51,20240222,49,0.99,1
1409,1409,261,1584,53,20240223,8,0.99,1
1410,1410,261,1586,53,20240223,8,0.99,1
1411,1411,261,1588,53,20240223,8,0.99,1
1412,1412,261,1590,53,20240223,8,0.99,1
1413,1413,262,1594,57,20240224,48,0.99,1
1414,1414,262,1598,57,20240224,48,0.99,1
1415,1415,262,1602,57,20240224,48,0.99,1
1416,1416,262,1606,57,20240224,48,0.99,1
1417,1417,262,1610,57,20240224,48,0.99,1
1418,1418,262,1614,57,20240224,48,0.99,1
1419,1419,263,1620,4,20240227,66,0.99,1
1420,1420,263,1626,4,20240227,66,0.99,1
1421,1421,263,1632,4,20240227,66,0.99,1
1422,1422,263,1638,4,20240227,66,0.99,1
1423,1423,263,1644,4,20240227,66,0.99,1
1424,1424,263,1650,4,20240227,66,0.99,1
1425,1425,263,1656,4,20240227,66,0.99,1
1426,1426,263,1662,4,20240227,66,0.99,1
1427,1427,263,1668,4,20240227,66,0.99,1
1428,1428,264,1677,13,20240303,57,0.99,1
1429,1429,264,1686,13,20240303,57,0.99,1
1430,1430,264,1695,13,20240303,57,0.99,1
1431,1431,264,1704,13,20240303,57,0.99,1
1432,1432,264,1713,13,20240303,57,0.99,1
1433,1433,264,1722,13,20240303,57,0.99,1
1434,1434,264,1731,13,20240303,57,0.99,1
1435,1435,264,1740,13,20240303,57,0.99,1
1436,1436,264,1749,13,20240303,57,0.99,1
1437,1437,264,1758,13,20240303,57,0.99,1
1438,1438,264,1767,13,20240303,57,0.99,1
1439,1439,264,1776,13,20240303,57,0.99,1
1440,1440,264,1785,13,20240303,57,0.99,1
1441,1441,264,1794,13,20240303,57,0.99,1
1442,1442,265,1808,27,20240311,3,0.99,1
1443,1443,266,1809,28,20240324,20,0.99,1
1444,1444,266,1810,28,20240324,20,0.99,1
1445,1445,267,1812,30,20240324,17,0.99,1
1446,1446,267,1814,30,20240324,17,0.99,1
1447,1447,268,1816,32,20240325,33,0.99,1
1448,1448,268,1818,32,20240325,33,0.99,1
1449,1449,268,1820,32,20240325,33,0.99,1
1450,1450,268,1822,32,20240325,33,0.99,1
1451,1451,269,1826,36,20240326,64,0.99,1
1452,1452,269,1830,36,20240326,64,0.99,1
1453,1453,269,1834,36,20240326,64,0.99,1
1454,1454,269,1838,36,20240326,64,0.99,1
1455,1455,269,1842,36,20240326,64,0.99,1
1456,1456,269,1846,36,20240326,64,0.99,1
1457,1457,270,1852,42,20240329,41,0.99,1
1458,1458,270,1858,42,20240329,41,0.99,1
1459,1459,270,1864,42,20240329,41,0.99,1
1460,1460,270,1870,42,20240329,41,0.99,1
1461,1461,270,1876,42,20240329,41,0.99,1
1462,1462,270,1882,42,20240329,41,0.99,1
1463,1463,270,1888,42,20240329,41,0.99,1
1464,1464,270,1894,42,20240329,41,0.99,1
1465,1465,270,1900,42,20240329,41,0.99,1
1466,1466,271,1909,51,20240403,49,0.99,1
1467,1467,271,1918,51,20240403,49,0.99,1
1468,1468,271,1927,51,20240403,49,0.99,1
1469,1469,271,1936,51,20240403,49,0.99,1
1470,1470,271,1945,51,20240403,49,0.99,1
1471,1471,271,1954,51,20240403,49,0.99,1
1472,1472,271,1963,51,20240403,49,0.99,1
1473,1473,271,1972,51,20240403,49,0.99,1
1474,1474,271,1981,51,20240403,49,0.99,1
1475,1475,271,1990,51,20240403,49,0.99,1
1476,1476,271,1999,51,20240403,49,0.99,1
1477,1477,271,2008,51,20240403,49,0.99,1
1478,1478,271,2017,51,20240403,49,0.99,1
1479,1479,271,2026,51,20240403,49,0.99,1
1480,1480,272,2040,6,20240411,58,0.99,1
1481,1481,273,2041,7,20240424,59,0.99,1
1482,1482,273,2042,7,20240424,59,0.99,1
1483,1483,274,2044,9,20240424,63,0.99,1
1484,1484,274,2046,9,20240424,63,0.99,1
1485,1485,275,2048,11,20240425,44,0.99,1
1486,1486,275,2050,11,20240425,44,0.99,1
1487,1487,275,2052,11,20240425,44,0.99,1
1488,1488,275,2054,11,20240425,44,0.99,1
1489,1489,276,2058,15,20240426,34,0.99,1
1490,1490,276,2062,15,20240426,34,0.99,1
1491,1491,276,2066,15,20240426,34,0.99,1
1492,1492,276,2070,15,20240426,34,0.99,1
1493,1493,276,2074,15,20240426,34,0.99,1
1494,1494,276,2078,15,20240426,34,0.99,1
1495,1495,277,2084,21,20240429,38,0.99,1
1496,1496,277,2090,21,20240429,38,0.99,1
1497,1497,277,2096,21,20240429,38,0.99,1
1498,1498,277,2102,21,20240429,38,0.99,1
1499,1499,277,2108,21,20240429,38,0.99,1
1500,1500,277,2114,21,20240429,38,0.99,1
1501,1501,277,2120,21,20240429,38,0.99,1
1502,1502,277,2126,21,20240429,38,0.99,1
1503,1503,277,2132,21,20240429,38,0.99,1
1504,1504,278,2141,30,20240504,17,0.99,1
1505,1505,278,2150,30,20240504,17,0.99,1
1506,1506,278,2159,30,20240504,17,0.99,1
1507,1507,278,2168,30,20240504,17,0.99,1
1508,1508,278,2177,30,20240504,17,0.99,1
1509,1509,278,2186,30,20240504,17,0.99,1
1510,1510,278,2195,30,20240504,17,0.99,1
1511,1511,278,2204,30,20240504,17,0.99,1
1512,1512,278,2213,30,20240504,17,0.99,1
1513,1513,278,2222,30,20240504,17,0.99,1
1514,1514,278,2231,30,20240504,17,0.99,1
1515,1515,278,2240,30,20240504,17,0.99,1
1516,1516,278,2249,30,20240504,17,0.99,1
1517,1517,278,2258,30,20240504,17,0.99,1
1518,1518,279,2272,44,20240512,55,0.99,1
1519,1519,280,2273,45,20240525,50,0.99,1
1520,1520,280,2274,45,20240525,50,0.99,1
1521,1521,281,2276,47,20240525,67,0.99,1
1522,1522,281,2278,47,20240525,67,0.99,1
1523,1523,282,2280,49,20240526,54,0.99,1
1524,1524,282,2282,49,20240526,54,0.99,1
1525,1525,282,2284,49,20240526,54,0.99,1
1526,1526,282,2286,49,20240526,54,0.99,1
1527,1527,283,2290,53,20240527,8,0.99,1
1528,1528,283,2294,53,20240527,8,0.99,1
1529,1529,283,2298,53,20240527,8,0.99,1
1530,1530,283,2302,53,20240527,8,0.99,1
1531,1531,283,2306,53,20240527,8,0.99,1
1532,1532,283,2310,53,20240527,8,0.99,1
1533,1533,284,2316,59,20240530,19,0.99,1
1534,1534,284,2322,59,20240530,19,0.99,1
1535,1535,284,2328,59,20240530,19,0.99,1
1536,1536,284,2334,59,20240530,19,0.99,1
1537,1537,284,2340,59,20240530,19,0.99,1
1538,1538,284,2346,59,20240530,19,0.99,1
1539,1539,284,2352,59,20240530,19,0.99,1
1540,1540,284,2358,59,20240530,19,0.99,1
1541,1541,284,2364,59,20240530,19,0.99,1
1542,1542,285,2373,9,20240604,63,0.99,1
1543,1543,285,2382,9,20240604,63,0.99,1
1544,1544,285,2391,9,20240604,63,0.99,1
1545,1545,285,2400,9,20240604,63,0.99,1
1546,1546,285,2409,9,20240604,63,0.99,1
1547,1547,285,2418,9,20240604,63,0.99,1
1548,1548,285,2427,9,20240604,63,0.99,1
1549,1549,285,2436,9,20240604,63,0.99,1
1550,1550,285,2445,9,20240604,63,0.99,1
1551,1551,285,2454,9,20240604,63,0.99,1
1552,1552,285,2463,9,20240604,63,0.99,1
1553,1553,285,2472,9,20240604,63,0.99,1
1554,1554,285,2481,9,20240604,63,0.99,1
1555,1555,285,2490,9,20240604,63,0.99,1
1556,1556,286,2504,23,20240612,32,0.99,1
1557,1557,287,2505,24,20240625,13,0.99,1
1558,1558,287,2506,24,20240625,13,0.99,1
1559,1559,288,2508,26,20240625,16,0.99,1
1560,1560,288,2510,26,20240625,16,0.99,1
1561,1561,289,2512,28,20240626,20,0.99,1
1562,1562,289,2514,28,20240626,20,0.99,1
1563,1563,289,2516,28,20240626,20,0.99,1
1564,1564,289,2518,28,20240626,20,0.99,1
1565,1565,290,2522,32,20240627,33,0.99,1
1566,1566,290,2526,32,20240627,33,0.99,1
1567,1567,290,2530,32,20240627,33,0.99,1
1568,1568,290,2534,32,20240627,33,0.99,1
1569,1569,290,2538,32,20240627,33,0.99,1
1570,1570,290,2542,32,20240627,33,0.99,1
1571,1571,291,2548,38,20240630,45,0.99,1
1572,1572,291,2554,38,20240630,45,0.99,1
1573,1573,291,2560,38,20240630,45,0.99,1
1574,1574,291,2566,38,20240630,45,0.99,1
1575,1575,291,2572,38,20240630,45,0.99,1
1576,1576,291,2578,38,20240630,45,0.99,1
1577,1577,291,2584,38,20240630,45,0.99,1
1578,1578,291,2590,38,20240630,45,0.99,1
1579,1579,291,2596,38,20240630,45,0.99,1
1580,1580,292,2605,47,20240705,67,0.99,1
1581,1581,292,2614,47,20240705,67,0.99,1
1582,1582,292,2623,47,20240705,67,0.99,1
1583,1583,292,2632,47,20240705,67,0.99,1
1584,1584,292,2641,47,20240705,67,0.99,1
1585,1585,292,2650,47,20240705,67,0.99,1
1586,1586,292,2659,47,20240705,67,0.99,1
1587,1587,292,2668,47,20240705,67,0.99,1
1588,1588,292,2677,47,20240705,67,0.99,1
1589,1589,292,2686,47,20240705,67,0.99,1
1590,1590,292,2695,47,20240705,67,0.99,1
1591,1591,292,2704,47,20240705,67,0.99,1
1592,1592,292,2713,47,20240705,67,0.99,1
1593,1593,292,2722,47,20240705,67,0.99,1
1594,1594,293,2736,2,20240713,65,0.99,1
1595,1595,294,2737,3,20240726,11,0.99,1
1596,1596,294,2738,3,20240726,11,0.99,1
1597,1597,295,2740,5,20240726,52,0.99,1
1598,1598,295,2742,5,20240726,52,0.99,1
1599,1599,296,2744,7,20240727,59,0.99,1
1600,1600,296,2746,7,20240727,59,0.99,1
1601,1601,296,2748,7,20240727,59,0.99,1
1602,1602,296,2750,7,20240727,59,0.99,1
1603,1603,297,2754,11,20240728,44,0.99,1
1604,1604,297,2758,11,20240728,44,0.99,1
1605,1605,297,2762,11,20240728,44,0.99,1
1606,1606,297,2766,11,20240728,44,0.99,1
1607,1607,297,2770,11,20240728,44,0.99,1
1608,1608,297,2774,11,20240728,44,0.99,1
1609,1609,298,2780,17,20240731,2,0.99,1
1610,1610,298,2786,17,20240731,2,0.99,1
1611,1611,298,2792,17,20240731,2,0.99,1
1612,1612,298,2798,17,20240731,2,0.99,1
1613,1613,298,2804,17,20240731,2,0.99,1
1614,1614,298,2810,17,20240731,2,0.99,1
1615,1615,298,2816,17,20240731,2,0.99,1
1616,1616,298,2822,17,20240731,2,1.99,1
1617,1617,298,2828,17,20240731,2,1.99,1
1618,1618,299,2837,26,20240805,16,1.99,1
1619,1619,299,2846,26,20240805,16,1.99,1
1620,1620,299,2855,26,20240805,16,1.99,1
1621,1621,299,2864,26,20240805,16,1.99,1
1622,1622,299,2873,26,20240805,16,1.99,1
1623,1623,299,2882,26,20240805,16,1.99,1
1624,1624,299,2891,26,20240805,16,1.99,1
1625,1625,299,2900,26,20240805,16,1.99,1
1626,1626,299,2909,26,20240805,16,1.99,1
1627,1627,299,2918,26,20240805,16,1.99,1
1628,1628,299,2927,26,20240805,16,0.99,1
1629,1629,299,2936,26,20240805,16,0.99,1
1630,1630,299,2945,26,20240805,16,0.99,1
1631,1631,299,2954,26,20240805,16,0.99,1
1632,1632,300,2968,40,20240813,37,0.99,1
1633,1633,301,2969,41,20240826,4,0.99,1
1634,1634,301,2970,41,20240826,4,0.99,1
1635,1635,302,2972,43,20240826,30,0.99,1
1636,1636,302,2974,43,20240826,30,0.99,1
1637,1637,303,2976,45,20240827,50,0.99,1
1638,1638,303,2978,45,20240827,50,0.99,1
1639,1639,303,2980,45,20240827,50,0.99,1
1640,1640,303,2982,45,20240827,50,0.99,1
1641,1641,304,2986,49,20240828,54,0.99,1
1642,1642,304,2990,49,20240828,54,0.99,1
1643,1643,304,2994,49,20240828,54,0.99,1
1644,1644,304,2998,49,20240828,54,0.99,1
1645,1645,304,3002,49,20240828,54,0.99,1
1646,1646,304,3006,49,20240828,54,0.99,1
1647,1647,305,3012,55,20240831,24,0.99,1
1648,1648,305,3018,55,20240831,24,0.99,1
1649,1649,305,3024,55,20240831,24,0.99,1
1650,1650,305,3030,55,20240831,24,0.99,1
1651,1651,305,3036,55,20240831,24,0.99,1
1652,1652,305,3042,55,20240831,24,0.99,1
1653,1653,305,3048,55,20240831,24,0.99,1
1654,1654,305,3054,55,20240831,24,0.99,1
1655,1655,305,3060,55,20240831,24,0.99,1
1656,1656,306,3069,5,20240905,52,0.99,1
1657,1657,306,3078,5,20240905,52,0.99,1
1658,1658,306,3087,5,20240905,52,0.99,1
1659,1659,306,3096,5,20240905,52,0.99,1
1660,1660,306,3105,5,20240905,52,0.99,1
1661,1661,306,3114,5,20240905,52,0.99,1
1662,1662,306,3123,5,20240905,52,0.99,1
1663,1663,306,3132,5,20240905,52,0.99,1
1664,1664,306,3141,5,20240905,52,0.99,1
1665,1665,306,3150,5,20240905,52,0.99,1
1666,1666,306,3159,5,20240905,52,0.99,1
1667,1667,306,3168,5,20240905,52,1.99,1
1668,1668,306,3177,5,20240905,52,1.99,1
1669,1669,306,3186,5,20240905,52,1.99,1
1670,1670,307,3200,19,20240913,1,1.99,1
1671,1671,308,3201,20,20240926,26,1.99,1
1672,1672,308,3202,20,20240926,26,1.99,1
1673,1673,309,3204,22,20240926,10,1.99,1
1674,1674,309,3206,22,20240926,10,1.99,1
1675,1675,310,3208,24,20240927,13,1.99,1
1676,1676,310,3210,24,20240927,13,1.99,1
1677,1677,310,3212,24,20240927,13,1.99,1
1678,1678,310,3214,24,20240927,13,1.99,1
1679,1679,311,3218,28,20240928,20,1.99,1
1680,1680,311,3222,28,20240928,20,1.99,1
1681,1681,311,3226,28,20240928,20,1.99,1
1682,1682,311,3230,28,20240928,20,1.99,1
1683,1683,311,3234,28,20240928,20,1.99,1
1684,1684,311,3238,28,20240928,20,1.99,1
1685,1685,312,3244,34,20241001,60,1.99,1
1686,1686,312,3250,34,20241001,60,1.99,1
1687,1687,312,3256,34,20241001,60,0.99,1
1688,1688,312,3262,34,20241001,60,0.99,1
1689,1689,312,3268,34,20241001,60,0.99,1
1690,1690,312,3274,34,20241001,60,0.99,1
1691,1691,312,3280,34,20241001,60,0.99,1
1692,1692,312,3286,34,20241001,60,0.99,1
1693,1693,312,3292,34,20241001,60,0.99,1
1694,1694,313,3301,43,20241006,30,0.99,1
1695,1695,313,3310,43,20241006,30,0.99,1
1696,1696,313,3319,43,20241006,30,0.99,1
1697,1697,313,3328,43,20241006,30,0.99,1
1698,1698,313,3337,43,20241006,30,1.99,1
1699,1699,313,3346,43,20241006,30,1.99,1
1700,1700,313,3355,43,20241006,30,0.99,1
1701,1701,313,3364,43,20241006,30,1.99,1
1702,1702,313,3373,43,20241006,30,0.99,1
1703,1703,313,3382,43,20241006,30,0.99,1
1704,1704,313,3391,43,20241006,30,0.99,1
1705,1705,313,3400,43,20241006,30,0.99,1
1706,1706,313,3409,43,20241006,30,0.99,1
1707,1707,313,3418,43,20241006,30,0.99,1
1708,1708,314,3432,57,20241014,48,0.99,1
1709,1709,315,3433,58,20241027,9,0.99,1
1710,1710,315,3434,58,20241027,9,0.99,1
1711,1711,316,3436,1,20241027,43,0.99,1
1712,1712,316,3438,1,20241027,43,0.99,1
1713,1713,317,3440,3,20241028,11,0.99,1
1714,1714,317,3442,3,20241028,11,0.99,1
1715,1715,317,3444,3,20241028,11,0.99,1
1716,1716,317,3446,3,20241028,11,0.99,1
1717,1717,318,3450,7,20241029,59,0.99,1
1718,1718,318,3454,7,20241029,59,0.99,1
1719,1719,318,3458,7,20241029,59,0.99,1
1720,1720,318,3462,7,20241029,59,0.99,1
1721,1721,318,3466,7,20241029,59,0.99,1
1722,1722,318,3470,7,20241029,59,0.99,1
1723,1723,319,3476,13,20241101,57,0.99,1
1724,1724,319,3482,13,20241101,57,0.99,1
1725,1725,319,3488,13,20241101,57,0.99,1
1726,1726,319,3494,13,20241101,57,0.99,1
1727,1727,319,3500,13,20241101,57,0.99,1
1728,1728,319,3,13,20241101,57,0.99,1
1729,1729,319,9,13,20241101,57,0.99,1
1730,1730,319,15,13,20241101,57,0.99,1
1731,1731,319,21,13,20241101,57,0.99,1
1732,1732,320,30,22,20241106,10,0.99,1
1733,1733,320,39,22,20241106,10,0.99,1
1734,1734,320,48,22,20241106,10,0.99,1
1735,1735,320,57,22,20241106,10,0.99,1
1736,1736,320,66,22,20241106,10,0.99,1
1737,1737,320,75,22,20241106,10,0.99,1
1738,1738,320,84,22,20241106,10,0.99,1
1739,1739,320,93,22,20241106,10,0.99,1
1740,1740,320,102,22,20241106,10,0.99,1
1741,1741,320,111,22,20241106,10,0.99,1
1742,1742,320,120,22,20241106,10,0.99,1
1743,1743,320,129,22,20241106,10,0.99,1
1744,1744,320,138,22,20241106,10,0.99,1
1745,1745,320,147,22,20241106,10,0.99,1
1746,1746,321,161,36,20241114,64,0.99,1
1747,1747,322,162,37,20241127,46,0.99,1
1748,1748,322,163,37,20241127,46,0.99,1
1749,1749,323,165,39,20241127,23,0.99,1
1750,1750,323,167,39,20241127,23,0.99,1
1751,1751,324,169,41,20241128,4,0.99,1
1752,1752,324,171,41,20241128,4,0.99,1
1753,1753,324,173,41,20241128,4,0.99,1
1754,1754,324,175,41,20241128,4,0.99,1
1755,1755,325,179,45,20241129,50,0.99,1
1756,1756,325,183,45,20241129,50,0.99,1
1757,1757,325,187,45,20241129,50,0.99,1
1758,1758,325,191,45,20241129,50,0.99,1
1759,1759,325,195,45,20241129,50,0.99,1
1760,1760,325,199,45,20241129,50,0.99,1
1761,1761,326,205,51,20241202,49,0.99,1
1762,1762,326,211,51,20241202,49,0.99,1
1763,1763,326,217,51,20241202,49,0.99,1
1764,1764,326,223,51,20241202,49,0.99,1
1765,1765,326,229,51,20241202,49,0.99,1
1766,1766,326,235,51,20241202,49,0.99,1
1767,1767,326,241,51,20241202,49,0.99,1
1768,1768,326,247,51,20241202,49,0.99,1
1769,1769,326,253,51,20241202,49,0.99,1
1770,1770,327,262,1,20241207,43,0.99,1
1771,1771,327,271,1,20241207,43,0.99,1
1772,1772,327,280,1,20241207,43,0.99,1
1773,1773,327,289,1,20241207,43,0.99,1
1774,1774,327,298,1,20241207,43,0.99,1
1775,1775,327,307,1,20241207,43,0.99,1
1776,1776,327,316,1,20241207,43,0.99,1
1777,1777,327,325,1,20241207,43,0.99,1
1778,1778,327,334,1,20241207,43,0.99,1
1779,1779,327,343,1,20241207,43,0.99,1
1780,1780,327,352,1,20241207,43,0.99,1
1781,1781,327,361,1,20241207,43,0.99,1
1782,1782,327,370,1,20241207,43,0.99,1
1783,1783,327,379,1,20241207,43,0.99,1
1784,1784,328,393,15,20241215,34,0.99,1
1785,1785,329,394,16,20241228,12,0.99,1
1786,1786,329,395,16,20241228,12,0.99,1
1787,1787,330,397,18,20241228,29,0.99,1
1788,1788,330,399,18,20241228,29,0.99,1
1789,1789,331,401,20,20241229,26,0.99,1
1790,1790,331,403,20,20241229,26,0.99,1
1791,1791,331,405,20,20241229,26,0.99,1
1792,1792,331,407,20,20241229,26,0.99,1
1793,1793,332,411,24,20241230,13,0.99,1
1794,1794,332,415,24,20241230,13,0.99,1
1795,1795,332,419,24,20241230,13,0.99,1
1796,1796,332,423,24,20241230,13,0.99,1
1797,1797,332,427,24,20241230,13,0.99,1
1798,1798,332,431,24,20241230,13,0.99,1
1799,1799,333,437,30,20250102,17,0.99,1
1800,1800,333,443,30,20250102,17,0.99,1
1801,1801,333,449,30,20250102,17,0.99,1
1802,1802,333,455,30,20250102,17,0.99,1
1803,1803,333,461,30,20250102,17,0.99,1
1804,1804,333,467,30,20250102,17,0.99,1
1805,1805,333,473,30,20250102,17,0.99,1
1806,1806,333,479,30,20250102,17,0.99,1
1807,1807,333,485,30,20250102,17,0.99,1
1808,1808,334,494,39,20250107,23,0.99,1
1809,1809,334,503,39,20250107,23,0.99,1
1810,1810,334,512,39,20250107,23,0.99,1
1811,1811,334,521,39,20250107,23,0.99,1
1812,1812,334,530,39,20250107,23,0.99,1
1813,1813,334,539,39,20250107,23,0.99,1
1814,1814,334,548,39,20250107,23,0.99,1
1815,1815,334,557,39,20250107,23,0.99,1
1816,1816,334,566,39,20250107,23,0.99,1
1817,1817,334,575,39,20250107,23,0.99,1
1818,1818,334,584,39,20250107,23,0.99,1
1819,1819,334,593,39,20250107,23,0.99,1
1820,1820,334,602,39,20250107,23,0.99,1
1821,1821,334,611,39,20250107,23,0.99,1
1822,1822,335,625,53,20250115,8,0.99,1
1823,1823,336,626,54,20250128,5,0.99,1
1824,1824,336,627,54,20250128,5,0.99,1
1825,1825,337,629,56,20250128,21,0.99,1
1826,1826,337,631,56,20250128,21,0.99,1
1827,1827,338,633,58,20250129,9,0.99,1
1828,1828,338,635,58,20250129,9,0.99,1
1829,1829,338,637,58,20250129,9,0.99,1
1830,1830,338,639,58,20250129,9,0.99,1
1831,1831,339,643,3,20250130,11,0.99,1
1832,1832,339,647,3,20250130,11,0.99,1
1833,1833,339,651,3,20250130,11,0.99,1
1834,1834,339,655,3,20250130,11,0.99,1
1835,1835,339,659,3,20250130,11,0.99,1
1836,1836,339,663,3,20250130,11,0.99,1
1837,1837,340,669,9,20250202,63,0.99,1
1838,1838,340,675,9,20250202,63,0.99,1
1839,1839,340,681,9,20250202,63,0.99,1
1840,1840,340,687,9,20250202,63,0.99,1
1841,1841,340,693,9,20250202,63,0.99,1
1842,1842,340,699,9,20250202,63,0.99,1
1843,1843,340,705,9,20250202,63,0.99,1
1844,1844,340,711,9,20250202,63,0.99,1
1845,1845,340,717,9,20250202,63,0.99,1
1846,1846,341,726,18,20250207,29,0.99,1
1847,1847,341,735,18,20250207,29,0.99,1
1848,1848,341,744,18,20250207,29,0.99,1
1849,1849,341,753,18,20250207,29,0.99,1
1850,1850,341,762,18,20250207,29,0.99,1
1851,1851,341,771,18,20250207,29,0.99,1
1852,1852,341,780,18,20250207,29,0.99,1
1853,1853,341,789,18,20250207,29,0.99,1
1854,1854,341,798,18,20250207,29,0.99,1
1855,1855,341,807,18,20250207,29,0.99,1
1856,1856,341,816,18,20250207,29,0.99,1
1857,1857,341,825,18,20250207,29,0.99,1
1858,1858,341,834,18,20250207,29,0.99,1
1859,1859,341,843,18,20250207,29,0.99,1
1860,1860,342,857,32,20250215,33,0.99,1
1861,1861,343,858,33,20250228,25,0.99,1
1862,1862,343,859,33,20250228,25,0.99,1
1863,1863,344,861,35,20250228,61,0.99,1
1864,1864,344,863,35,20250228,61,0.99,1
1865,1865,345,865,37,20250301,46,0.99,1
1866,1866,345,867,37,20250301,46,0.99,1
1867,1867,345,869,37,20250301,46,0.99,1
1868,1868,345,871,37,20250301,46,0.99,1
1869,1869,346,875,41,20250302,4,0.99,1
1870,1870,346,879,41,20250302,4,0.99,1
1871,1871,346,883,41,20250302,4,0.99,1
1872,1872,346,887,41,20250302,4,0.99,1
1873,1873,346,891,41,20250302,4,0.99,1
1874,1874,346,895,41,20250302,4,0.99,1
1875,1875,347,901,47,20250305,67,0.99,1
1876,1876,347,907,47,20250305,67,0.99,1
1877,1877,347,913,47,20250305,67,0.99,1
1878,1878,347,919,47,20250305,67,0.99,1
1879,1879,347,925,47,20250305,67,0.99,1
1880,1880,347,931,47,20250305,67,0.99,1
1881,1881,347,937,47,20250305,67,0.99,1
1882,1882,347,943,47,20250305,67,0.99,1
1883,1883,347,949,47,20250305,67,0.99,1
1884,1884,348,958,56,20250310,21,0.99,1
1885,1885,348,967,56,20250310,21,0.99,1
1886,1886,348,976,56,20250310,21,0.99,1
1887,1887,348,985,56,20250310,21,0.99,1
1888,1888,348,994,56,20250310,21,0.99,1
1889,1889,348,1003,56,20250310,21,0.99,1
1890,1890,348,1012,56,20250310,21,0.99,1
1891,1891,348,1021,56,20250310,21,0.99,1
1892,1892,348,1030,56,20250310,21,0.99,1
1893,1893,348,1039,56,20250310,21,0.99,1
1894,1894,348,1048,56,20250310,21,0.99,1
1895,1895,348,1057,56,20250310,21,0.99,1
1896,1896,348,1066,56,20250310,21,0.99,1
1897,1897,348,1075,56,20250310,21,0.99,1
1898,1898,349,1089,11,20250318,44,0.99,1
1899,1899,350,1090,12,20250331,56,0.99,1
1900,1900,350,1091,12,20250331,56,0.99,1
1901,1901,351,1093,14,20250331,39,0.99,1
1902,1902,351,1095,14,20250331,39,0.99,1
1903,1903,352,1097,16,20250401,12,0.99,1
1904,1904,352,1099,16,20250401,12,0.99,1
1905,1905,352,1101,16,20250401,12,0.99,1
1906,1906,352,1103,16,20250401,12,0.99,1
1907,1907,353,1107,20,20250402,26,0.99,1
1908,1908,353,1111,20,20250402,26,0.99,1
1909,1909,353,1115,20,20250402,26,0.99,1
1910,1910,353,1119,20,20250402,26,0.99,1
1911,1911,353,1123,20,20250402,26,0.99,1
1912,1912,353,1127,20,20250402,26,0.99,1
1913,1913,354,1133,26,20250405,16,0.99,1
1914,1914,354,1139,26,20250405,16,0.99,1
1915,1915,354,1145,26,20250405,16,0.99,1
1916,1916,354,1151,26,20250405,16,0.99,1
1917,1917,354,1157,26,20250405,16,0.99,1
1918,1918,354,1163,26,20250405,16,0.99,1
1919,1919,354,1169,26,20250405,16,0.99,1
1920,1920,354,1175,26,20250405,16,0.99,1
1921,1921,354,1181,26,20250405,16,0.99,1
1922,1922,355,1190,35,20250410,61,0.99,1
1923,1923,355,1199,35,20250410,61,0.99,1
1924,1924,355,1208,35,20250410,61,0.99,1
1925,1925,355,1217,35,20250410,61,0.99,1
1926,1926,355,1226,35,20250410,61,0.99,1
1927,1927,355,1235,35,20250410,61,0.99,1
1928,1928,355,1244,35,20250410,61,0.99,1
1929,1929,355,1253,35,20250410,61,0.99,1
1930,1930,355,1262,35,20250410,61,0.99,1
1931,1931,355,1271,35,20250410,61,0.99,1
1932,1932,355,1280,35,20250410,61,0.99,1
1933,1933,355,1289,35,20250410,61,0.99,1
1934,1934,355,1298,35,20250410,61,0.99,1
1935,1935,355,1307,35,20250410,61,0.99,1
1936,1936,356,1321,49,20250418,54,0.99,1
1937,1937,357,1322,50,20250501,47,0.99,1
1938,1938,357,1323,50,20250501,47,0.99,1
1939,1939,358,1325,52,20250501,15,0.99,1
1940,1940,358,1327,52,20250501,15,0.99,1
1941,1941,359,1329,54,20250502,5,0.99,1
1942,1942,359,1331,54,20250502,5,0.99,1
1943,1943,359,1333,54,20250502,5,0.99,1
1944,1944,359,1335,54,20250502,5,0.99,1
1945,1945,360,1339,58,20250503,9,0.99,1
1946,1946,360,1343,58,20250503,9,0.99,1
1947,1947,360,1347,58,20250503,9,0.99,1
1948,1948,360,1351,58,20250503,9,0.99,1
1949,1949,360,1355,58,20250503,9,0.99,1
1950,1950,360,1359,58,20250503,9,0.99,1
1951,1951,361,1365,5,20250506,52,0.99,1
1952,1952,361,1371,5,20250506,52,0.99,1
1953,1953,361,1377,5,20250506,52,0.99,1
1954,1954,361,1383,5,20250506,52,0.99,1
1955,1955,361,1389,5,20250506,52,0.99,1
1956,1956,361,1395,5,20250506,52,0.99,1
1957,1957,361,1401,5,20250506,52,0.99,1
1958,1958,361,1407,5,20250506,52,0.99,1
1959,1959,361,1413,5,20250506,52,0.99,1
1960,1960,362,1422,14,20250511,39,0.99,1
1961,1961,362,1431,14,20250511,39,0.99,1
1962,1962,362,1440,14,20250511,39,0.99,1
1963,1963,362,1449,14,20250511,39,0.99,1
1964,1964,362,1458,14,20250511,39,0.99,1
1965,1965,362,1467,14,20250511,39,0.99,1
1966,1966,362,1476,14,20250511,39,0.99,1
1967,1967,362,1485,14,20250511,39,0.99,1
1968,1968,362,1494,14,20250511,39,0.99,1
1969,1969,362,1503,14,20250511,39,0.99,1
1970,1970,362,1512,14,20250511,39,0.99,1
1971,1971,362,1521,14,20250511,39,0.99,1
1972,1972,362,1530,14,20250511,39,0.99,1
1973,1973,362,1539,14,20250511,39,0.99,1
1974,1974,363,1553,28,20250519,20,0.99,1
1975,1975,364,1554,29,20250601,36,0.99,1
1976,1976,364,1555,29,20250601,36,0.99,1
1977,1977,365,1557,31,20250601,14,0.99,1
1978,1978,365,1559,31,20250601,14,0.99,1
1979,1979,366,1561,33,20250602,25,0.99,1
1980,1980,366,1563,33,20250602,25,0.99,1
1981,1981,366,1565,33,20250602,25,0.99,1
1982,1982,366,1567,33,20250602,25,0.99,1
1983,1983,367,1571,37,20250603,46,0.99,1
1984,1984,367,1575,37,20250603,46,0.99,1
1985,1985,367,1579,37,20250603,46,0.99,1
1986,1986,367,1583,37,20250603,46,0.99,1
1987,1987,367,1587,37,20250603,46,0.99,1
1988,1988,367,1591,37,20250603,46,0.99,1
1989,1989,368,1597,43,20250606,30,0.99,1
1990,1990,368,1603,43,20250606,30,0.99,1
1991,1991,368,1609,43,20250606,30,0.99,1
1992,1992,368,1615,43,20250606,30,0.99,1
1993,1993,368,1621,43,20250606,30,0.99,1
1994,1994,368,1627,43,20250606,30,0.99,1
1995,1995,368,1633,43,20250606,30,0.99,1
1996,1996,368,1639,43,20250606,30,0.99,1
1997,1997,368,1645,43,20250606,30,0.99,1
1998,1998,369,1654,52,20250611,15,0.99,1
1999,1999,369,1663,52,20250611,15,0.99,1
2000,2000,369,1672,52,20250611,15,0.99,1
2001,2001,369,1681,52,20250611,15,0.99,1
2002,2002,369,1690,52,20250611,15,0.99,1
2003,2003,369,1699,52,20250611,15,0.99,1
2004,2004,369,1708,52,20250611,15,0.99,1
2005,2005,369,1717,52,20250611,15,0.99,1
2006,2006,369,1726,52,20250611,15,0.99,1
2007,2007,369,1735,52,20250611,15,0.99,1
2008,2008,369,1744,52,20250611,15,0.99,1
2009,2009,369,1753,52,20250611,15,0.99,1
2010,2010,369,1762,52,20250611,15,0.99,1
2011,2011,369,1771,52,20250611,15,0.99,1
2012,2012,370,1785,7,20250619,59,0.99,1
2013,2013,371,1786,8,20250702,51,0.99,1
2014,2014,371,1787,8,20250702,51,0.99,1
2015,2015,372,1789,10,20250702,62,0.99,1
2016,2016,372,1791,10,20250702,62,0.99,1
2017,2017,373,1793,12,20250703,56,0.99,1
2018,2018,373,1795,12,20250703,56,0.99,1
2019,2019,373,1797,12,20250703,56,0.99,1
2020,2020,373,1799,12,20250703,56,0.99,1
2021,2021,374,1803,16,20250704,12,0.99,1
2022,2022,374,1807,16,20250704,12,0.99,1
2023,2023,374,1811,16,20250704,12,0.99,1
2024,2024,374,1815,16,20250704,12,0.99,1
2025,2025,374,1819,16,20250704,12,0.99,1
2026,2026,374,1823,16,20250704,12,0.99,1
2027,2027,375,1829,22,20250707,10,0.99,1
2028,2028,375,1835,22,20250707,10,0.99,1
2029,2029,375,1841,22,20250707,10,0.99,1
2030,2030,375,1847,22,20250707,10,0.99,1
2031,2031,375,1853,22,20250707,10,0.99,1
2032,2032,375,1859,22,20250707,10,0.99,1
2033,2033,375,1865,22,20250707,10,0.99,1
2034,2034,375,1871,22,20250707,10,0.99,1
2035,2035,375,1877,22,20250707,10,0.99,1
2036,2036,376,1886,31,20250712,14,0.99,1
2037,2037,376,1895,31,20250712,14,0.99,1
2038,2038,376,1904,31,20250712,14,0.99,1
2039,2039,376,1913,31,20250712,14,0.99,1
2040,2040,376,1922,31,20250712,14,0.99,1
2041,2041,376,1931,31,20250712,14,0.99,1
2042,2042,376,1940,31,20250712,14,0.99,1
2043,2043,376,1949,31,20250712,14,0.99,1
2044,2044,376,1958,31,20250712,14,0.99,1
2045,2045,376,1967,31,20250712,14,0.99,1
2046,2046,376,1976,31,20250712,14,0.99,1
2047,2047,376,1985,31,20250712,14,0.99,1
2048,2048,376,1994,31,20250712,14,0.99,1
2049,2049,376,2003,31,20250712,14,0.99,1
2050,2050,377,2017,45,20250720,50,0.99,1
2051,2051,378,2018,46,20250802,18,0.99,1
2052,2052,378,2019,46,20250802,18,0.99,1
2053,2053,379,2021,48,20250802,53,0.99,1
2054,2054,379,2023,48,20250802,53,0.99,1
2055,2055,380,2025,50,20250803,47,0.99,1
2056,2056,380,2027,50,20250803,47,0.99,1
2057,2057,380,2029,50,20250803,47,0.99,1
2058,2058,380,2031,50,20250803,47,0.99,1
2059,2059,381,2035,54,20250804,5,0.99,1
2060,2060,381,2039,54,20250804,5,0.99,1
2061,2061,381,2043,54,20250804,5,0.99,1
2062,2062,381,2047,54,20250804,5,0.99,1
2063,2063,381,2051,54,20250804,5,0.99,1
2064,2064,381,2055,54,20250804,5,0.99,1
2065,2065,382,2061,1,20250807,43,0.99,1
2066,2066,382,2067,1,20250807,43,0.99,1
2067,2067,382,2073,1,20250807,43,0.99,1
2068,2068,382,2079,1,20250807,43,0.99,1
2069,2069,382,2085,1,20250807,43,0.99,1
2070,2070,382,2091,1,20250807,43,0.99,1
2071,2071,382,2097,1,20250807,43,0.99,1
2072,2072,382,2103,1,20250807,43,0.99,1
2073,2073,382,2109,1,20250807,43,0.99,1
2074,2074,383,2118,10,20250812,62,0.99,1
2075,2075,383,2127,10,20250812,62,0.99,1
2076,2076,383,2136,10,20250812,62,0.99,1
2077,2077,383,2145,10,20250812,62,0.99,1
2078,2078,383,2154,10,20250812,62,0.99,1
2079,2079,383,2163,10,20250812,62,0.99,1
2080,2080,383,2172,10,20250812,62,0.99,1
2081,2081,383,2181,10,20250812,62,0.99,1
2082,2082,383,2190,10,20250812,62,0.99,1
2083,2083,383,2199,10,20250812,62,0.99,1
2084,2084,383,2208,10,20250812,62,0.99,1
2085,2085,383,2217,10,20250812,62,0.99,1
2086,2086,383,2226,10,20250812,62,0.99,1
2087,2087,383,2235,10,20250812,62,0.99,1
2088,2088,384,2249,24,20250820,13,0.99,1
2089,2089,385,2250,25,20250902,22,0.99,1
2090,2090,385,2251,25,20250902,22,0.99,1
2091,2091,386,2253,27,20250902,3,0.99,1
2092,2092,386,2255,27,20250902,3,0.99,1
2093,2093,387,2257,29,20250903,36,0.99,1
2094,2094,387,2259,29,20250903,36,0.99,1
2095,2095,387,2261,29,20250903,36,0.99,1
2096,2096,387,2263,29,20250903,36,0.99,1
2097,2097,388,2267,33,20250904,25,0.99,1
2098,2098,388,2271,33,20250904,25,0.99,1
2099,2099,388,2275,33,20250904,25,0.99,1
2100,2100,388,2279,33,20250904,25,0.99,1
2101,2101,388,2283,33,20250904,25,0.99,1
2102,2102,388,2287,33,20250904,25,0.99,1
2103,2103,389,2293,39,20250907,23,0.99,1
2104,2104,389,2299,39,20250907,23,0.99,1
2105,2105,389,2305,39,20250907,23,0.99,1
2106,2106,389,2311,39,20250907,23,0.99,1
2107,2107,389,2317,39,20250907,23,0.99,1
2108,2108,389,2323,39,20250907,23,0.99,1
2109,2109,389,2329,39,20250907,23,0.99,1
2110,2110,389,2335,39,20250907,23,0.99,1
2111,2111,389,2341,39,20250907,23,0.99,1
2112,2112,390,2350,48,20250912,53,0.99,1
2113,2113,390,2359,48,20250912,53,0.99,1
2114,2114,390,2368,48,20250912,53,0.99,1
2115,2115,390,2377,48,20250912,53,0.99,1
2116,2116,390,2386,48,20250912,53,0.99,1
2117,2117,390,2395,48,20250912,53,0.99,1
2118,2118,390,2404,48,20250912,53,0.99,1
2119,2119,390,2413,48,20250912,53,0.99,1
2120,2120,390,2422,48,20250912,53,0.99,1
2121,2121,390,2431,48,20250912,53,0.99,1
2122,2122,390,2440,48,20250912,53,0.99,1
2123,2123,390,2449,48,20250912,53,0.99,1
2124,2124,390,2458,48,20250912,53,0.99,1
2125,2125,390,2467,48,20250912,53,0.99,1
2126,2126,391,2481,3,20250920,11,0.99,1
2127,2127,392,2482,4,20251003,66,0.99,1
2128,2128,392,2483,4,20251003,66,0.99,1
2129,2129,393,2485,6,20251003,58,0.99,1
2130,2130,393,2487,6,20251003,58,0.99,1
2131,2131,394,2489,8,20251004,51,0.99,1
2132,2132,394,2491,8,20251004,51,0.99,1
2133,2133,394,2493,8,20251004,51,0.99,1
2134,2134,394,2495,8,20251004,51,0.99,1
2135,2135,395,2499,12,20251005,56,0.99,1
2136,2136,395,2503,12,20251005,56,0.99,1
2137,2137,395,2507,12,20251005,56,0.99,1
2138,2138,395,2511,12,20251005,56,0.99,1
2139,2139,395,2515,12,20251005,56,0.99,1
2140,2140,395,2519,12,20251005,56,0.99,1
2141,2141,396,2525,18,20251008,29,0.99,1
2142,2142,396,2531,18,20251008,29,0.99,1
2143,2143,396,2537,18,20251008,29,0.99,1
2144,2144,396,2543,18,20251008,29,0.99,1
2145,2145,396,2549,18,20251008,29,0.99,1
2146,2146,396,2555,18,20251008,29,0.99,1
2147,2147,396,2561,18,20251008,29,0.99,1
2148,2148,396,2567,18,20251008,29,0.99,1
2149,2149,396,2573,18,20251008,29,0.99,1
2150,2150,397,2582,27,20251013,3,0.99,1
2151,2151,397,2591,27,20251013,3,0.99,1
2152,2152,397,2600,27,20251013,3,0.99,1
2153,2153,397,2609,27,20251013,3,0.99,1
2154,2154,397,2618,27,20251013,3,0.99,1
2155,2155,397,2627,27,20251013,3,0.99,1
2156,2156,397,2636,27,20251013,3,0.99,1
2157,2157,397,2645,27,20251013,3,0.99,1
2158,2158,397,2654,27,20251013,3,0.99,1
2159,2159,397,2663,27,20251013,3,0.99,1
2160,2160,397,2672,27,20251013,3,0.99,1
2161,2161,397,2681,27,20251013,3,0.99,1
2162,2162,397,2690,27,20251013,3,0.99,1
2163,2163,397,2699,27,20251013,3,0.99,1
2164,2164,398,2713,41,20251021,4,0.99,1
2165,2165,399,2714,42,20251103,41,0.99,1
2166,2166,399,2715,42,20251103,41,0.99,1
2167,2167,400,2717,44,20251103,55,0.99,1
2168,2168,400,2719,44,20251103,55,0.99,1
2169,2169,401,2721,46,20251104,18,0.99,1
2170,2170,401,2723,46,20251104,18,0.99,1
2171,2171,401,2725,46,20251104,18,0.99,1
2172,2172,401,2727,46,20251104,18,0.99,1
2173,2173,402,2731,50,20251105,47,0.99,1
2174,2174,402,2735,50,20251105,47,0.99,1
2175,2175,402,2739,50,20251105,47,0.99,1
2176,2176,402,2743,50,20251105,47,0.99,1
2177,2177,402,2747,50,20251105,47,0.99,1
2178,2178,402,2751,50,20251105,47,0.99,1
2179,2179,403,2757,56,20251108,21,0.99,1
2180,2180,403,2763,56,20251108,21,0.99,1
2181,2181,403,2769,56,20251108,21,0.99,1
2182,2182,403,2775,56,20251108,21,0.99,1
2183,2183,403,2781,56,20251108,21,0.99,1
2184,2184,403,2787,56,20251108,21,0.99,1
2185,2185,403,2793,56,20251108,21,0.99,1
2186,2186,403,2799,56,20251108,21,0.99,1
2187,2187,403,2805,56,20251108,21,0.99,1
2188,2188,404,2814,6,20251113,58,0.99,1
2189,2189,404,2823,6,20251113,58,1.99,1
2190,2190,404,2832,6,20251113,58,1.99,1
2191,2191,404,2841,6,20251113,58,1.99,1
2192,2192,404,2850,6,20251113,58,1.99,1
2193,2193,404,2859,6,20251113,58,1.99,1
2194,2194,404,2868,6,20251113,58,1.99,1
2195,2195,404,2877,6,20251113,58,1.99,1
2196,2196,404,2886,6,20251113,58,1.99,1
2197,2197,404,2895,6,20251113,58,1.99,1
2198,2198,404,2904,6,20251113,58,1.99,1
2199,2199,404,2913,6,20251113,58,1.99,1
2200,2200,404,2922,6,20251113,58,1.99,1
2201,2201,404,2931,6,20251113,58,0.99,1
2202,2202,405,2945,20,20251121,26,0.99,1
2203,2203,406,2946,21,20251204,38,0.99,1
2204,2204,406,2947,21,20251204,38,0.99,1
2205,2205,407,2949,23,20251204,32,0.99,1
2206,2206,407,2951,23,20251204,32,0.99,1
2207,2207,408,2953,25,20251205,22,0.99,1
2208,2208,408,2955,25,20251205,22,0.99,1
2209,2209,408,2957,25,20251205,22,0.99,1
2210,2210,408,2959,25,20251205,22,0.99,1
2211,2211,409,2963,29,20251206,36,0.99,1
2212,2212,409,2967,29,20251206,36,0.99,1
2213,2213,409,2971,29,20251206,36,0.99,1
2214,2214,409,2975,29,20251206,36,0.99,1
2215,2215,409,2979,29,20251206,36,0.99,1
2216,2216,409,2983,29,20251206,36,0.99,1
2217,2217,410,2989,35,20251209,61,0.99,1
2218,2218,410,2995,35,20251209,61,0.99,1
2219,2219,410,3001,35,20251209,61,0.99,1
2220,2220,410,3007,35,20251209,61,0.99,1
2221,2221,410,3013,35,20251209,61,0.99,1
2222,2222,410,3019,35,20251209,61,0.99,1
2223,2223,410,3025,35,20251209,61,0.99,1
2224,2224,410,3031,35,20251209,61,0.99,1
2225,2225,410,3037,35,20251209,61,0.99,1
2226,2226,411,3046,44,20251214,55,0.99,1
2227,2227,411,3055,44,20251214,55,0.99,1
2228,2228,411,3064,44,20251214,55,0.99,1
2229,2229,411,3073,44,20251214,55,0.99,1
2230,2230,411,3082,44,20251214,55,0.99,1
2231,2231,411,3091,44,20251214,55,0.99,1
2232,2232,411,3100,44,20251214,55,0.99,1
2233,2233,411,3109,44,20251214,55,0.99,1
2234,2234,411,3118,44,20251214,55,0.99,1
2235,2235,411,3127,44,20251214,55,0.99,1
2236,2236,411,3136,44,20251214,55,0.99,1
2237,2237,411,3145,44,20251214,55,0.99,1
2238,2238,411,3154,44,20251214,55,0.99,1
2239,2239,411,3163,44,20251214,55,0.99,1
2240,2240,412,3177,58,20251222,9,1.99,1
